refDes,week,pct_science
CE02SHBP-LJ01D-05-ADCPTB104,2025-10-06,100.0
CE02SHBP-LJ01D-05-ADCPTB104,2025-10-13,100.0
CE02SHBP-LJ01D-05-ADCPTB104,2025-10-20,100.0
CE02SHBP-LJ01D-05-ADCPTB104,2025-10-27,100.0
CE02SHBP-LJ01D-05-ADCPTB104,2025-11-03,100.0
CE02SHBP-LJ01D-05-ADCPTB104,2025-11-10,100.0
CE02SHBP-LJ01D-05-ADCPTB104,2025-11-17,100.0
CE02SHBP-LJ01D-05-ADCPTB104,2025-11-24,100.0
CE02SHBP-LJ01D-05-ADCPTB104,2025-12-01,100.0
CE02SHBP-LJ01D-05-ADCPTB104,2025-12-08,100.0
CE02SHBP-LJ01D-05-ADCPTB104,2025-12-15,100.0
CE02SHBP-LJ01D-05-ADCPTB104,2025-12-22,100.0
CE02SHBP-LJ01D-05-ADCPTB104,2025-12-29,100.0
CE02SHBP-LJ01D-05-ADCPTB104,2026-01-05,100.0
CE02SHBP-LJ01D-05-ADCPTB104,2026-01-12,100.0
CE02SHBP-LJ01D-05-ADCPTB104,2026-01-19,100.0
CE02SHBP-LJ01D-05-ADCPTB104,2026-01-26,100.0
CE02SHBP-LJ01D-05-ADCPTB104,2026-02-02,100.0
CE02SHBP-LJ01D-05-ADCPTB104,2026-02-09,100.0
CE02SHBP-LJ01D-05-ADCPTB104,2026-02-16,100.0
CE02SHBP-LJ01D-05-ADCPTB104,2026-02-23,100.0
CE02SHBP-LJ01D-05-ADCPTB104,2026-03-02,100.0
CE02SHBP-LJ01D-05-ADCPTB104,2026-03-09,100.0
CE02SHBP-LJ01D-05-ADCPTB104,2026-03-16,100.0
CE02SHBP-LJ01D-05-ADCPTB104,2026-03-23,100.0
CE02SHBP-LJ01D-05-ADCPTB104,2026-03-30,100.0
CE02SHBP-LJ01D-05-ADCPTB104,2026-04-06,100.0
CE02SHBP-LJ01D-05-ADCPTB104,2026-04-13,100.0
CE02SHBP-LJ01D-05-ADCPTB104,2026-04-20,100.0
CE02SHBP-LJ01D-05-ADCPTB104,2026-04-27,100.0
CE02SHBP-LJ01D-05-ADCPTB104,2026-05-04,100.0
CE02SHBP-LJ01D-05-ADCPTB104,2026-05-11,100.0
CE02SHBP-LJ01D-05-ADCPTB104,2026-05-18,100.0
CE02SHBP-LJ01D-05-ADCPTB104,2026-05-25,100.0
CE02SHBP-LJ01D-05-ADCPTB104,2026-06-01,100.0
CE02SHBP-LJ01D-05-ADCPTB104,2026-06-08,100.0
CE02SHBP-LJ01D-05-ADCPTB104,2026-06-15,100.0
CE02SHBP-LJ01D-05-ADCPTB104,2026-06-22,100.0
CE02SHBP-LJ01D-05-ADCPTB104,2026-06-29,100.0
CE02SHBP-LJ01D-06-CTDBPN106,2025-10-06,100.0
CE02SHBP-LJ01D-06-CTDBPN106,2025-10-13,100.0
CE02SHBP-LJ01D-06-CTDBPN106,2025-10-20,100.0
CE02SHBP-LJ01D-06-CTDBPN106,2025-10-27,100.0
CE02SHBP-LJ01D-06-CTDBPN106,2025-11-03,100.0
CE02SHBP-LJ01D-06-CTDBPN106,2025-11-10,100.0
CE02SHBP-LJ01D-06-CTDBPN106,2025-11-17,100.0
CE02SHBP-LJ01D-06-CTDBPN106,2025-11-24,100.0
CE02SHBP-LJ01D-06-CTDBPN106,2025-12-01,99.9
CE02SHBP-LJ01D-07-VEL3DC108,2025-10-06,87.5
CE02SHBP-LJ01D-07-VEL3DC108,2025-10-13,87.5
CE02SHBP-LJ01D-07-VEL3DC108,2025-10-20,87.5
CE02SHBP-LJ01D-07-VEL3DC108,2025-10-27,87.5
CE02SHBP-LJ01D-07-VEL3DC108,2025-11-03,87.5
CE02SHBP-LJ01D-07-VEL3DC108,2025-11-10,87.5
CE02SHBP-LJ01D-07-VEL3DC108,2025-11-17,87.5
CE02SHBP-LJ01D-07-VEL3DC108,2025-11-24,87.5
CE02SHBP-LJ01D-07-VEL3DC108,2025-12-01,87.5
CE02SHBP-LJ01D-07-VEL3DC108,2025-12-08,87.5
CE02SHBP-LJ01D-07-VEL3DC108,2025-12-15,87.5
CE02SHBP-LJ01D-07-VEL3DC108,2025-12-22,87.5
CE02SHBP-LJ01D-07-VEL3DC108,2025-12-29,87.5
CE02SHBP-LJ01D-07-VEL3DC108,2026-01-05,87.5
CE02SHBP-LJ01D-07-VEL3DC108,2026-01-12,87.5
CE02SHBP-LJ01D-07-VEL3DC108,2026-01-19,87.5
CE02SHBP-LJ01D-07-VEL3DC108,2026-01-26,87.5
CE02SHBP-LJ01D-07-VEL3DC108,2026-02-02,87.5
CE02SHBP-LJ01D-07-VEL3DC108,2026-02-09,87.5
CE02SHBP-LJ01D-07-VEL3DC108,2026-02-16,87.5
CE02SHBP-LJ01D-07-VEL3DC108,2026-02-23,87.5
CE02SHBP-LJ01D-07-VEL3DC108,2026-03-02,87.5
CE02SHBP-LJ01D-07-VEL3DC108,2026-03-09,87.5
CE02SHBP-LJ01D-07-VEL3DC108,2026-03-16,87.5
CE02SHBP-LJ01D-07-VEL3DC108,2026-03-23,87.5
CE02SHBP-LJ01D-07-VEL3DC108,2026-03-30,87.5
CE02SHBP-LJ01D-07-VEL3DC108,2026-04-06,87.5
CE02SHBP-LJ01D-07-VEL3DC108,2026-04-13,87.5
CE02SHBP-LJ01D-07-VEL3DC108,2026-04-20,87.5
CE02SHBP-LJ01D-07-VEL3DC108,2026-04-27,87.5
CE02SHBP-LJ01D-07-VEL3DC108,2026-05-04,87.5
CE02SHBP-LJ01D-07-VEL3DC108,2026-05-11,87.5
CE02SHBP-LJ01D-07-VEL3DC108,2026-05-18,87.5
CE02SHBP-LJ01D-07-VEL3DC108,2026-05-25,87.5
CE02SHBP-LJ01D-07-VEL3DC108,2026-06-01,87.5
CE02SHBP-LJ01D-07-VEL3DC108,2026-06-08,87.5
CE02SHBP-LJ01D-07-VEL3DC108,2026-06-15,87.5
CE02SHBP-LJ01D-07-VEL3DC108,2026-06-22,87.5
CE02SHBP-LJ01D-07-VEL3DC108,2026-06-29,87.5
CE02SHBP-LJ01D-08-OPTAAD106,2025-10-06,94.6
CE02SHBP-LJ01D-08-OPTAAD106,2025-10-13,83.4
CE02SHBP-LJ01D-08-OPTAAD106,2025-10-20,85.3
CE02SHBP-LJ01D-08-OPTAAD106,2025-10-27,93.4
CE02SHBP-LJ01D-08-OPTAAD106,2025-11-03,88.9
CE02SHBP-LJ01D-08-OPTAAD106,2025-11-10,96.2
CE02SHBP-LJ01D-09-PCO2WB103,2025-10-06,100.0
CE02SHBP-LJ01D-09-PCO2WB103,2025-10-13,100.0
CE02SHBP-LJ01D-09-PCO2WB103,2025-10-20,100.0
CE02SHBP-LJ01D-09-PCO2WB103,2025-10-27,100.0
CE02SHBP-LJ01D-09-PCO2WB103,2025-11-03,100.0
CE02SHBP-LJ01D-09-PCO2WB103,2025-11-10,100.0
CE02SHBP-LJ01D-09-PCO2WB103,2025-11-17,100.0
CE02SHBP-LJ01D-09-PCO2WB103,2025-11-24,100.0
CE02SHBP-LJ01D-09-PCO2WB103,2025-12-01,100.0
CE02SHBP-LJ01D-09-PCO2WB103,2025-12-08,100.0
CE02SHBP-LJ01D-09-PCO2WB103,2025-12-15,100.0
CE02SHBP-LJ01D-09-PCO2WB103,2025-12-22,100.0
CE02SHBP-LJ01D-09-PCO2WB103,2025-12-29,100.0
CE02SHBP-LJ01D-09-PCO2WB103,2026-01-05,100.0
CE02SHBP-LJ01D-09-PCO2WB103,2026-01-12,100.0
CE02SHBP-LJ01D-09-PCO2WB103,2026-01-19,100.0
CE02SHBP-LJ01D-09-PCO2WB103,2026-01-26,100.0
CE02SHBP-LJ01D-09-PCO2WB103,2026-02-02,100.0
CE02SHBP-LJ01D-09-PCO2WB103,2026-02-09,100.0
CE02SHBP-LJ01D-09-PCO2WB103,2026-02-16,100.0
CE02SHBP-LJ01D-09-PCO2WB103,2026-02-23,100.0
CE02SHBP-LJ01D-09-PCO2WB103,2026-03-02,100.0
CE02SHBP-LJ01D-09-PCO2WB103,2026-03-09,100.0
CE02SHBP-LJ01D-09-PCO2WB103,2026-03-16,100.0
CE02SHBP-LJ01D-09-PCO2WB103,2026-03-23,100.0
CE02SHBP-LJ01D-09-PCO2WB103,2026-03-30,100.0
CE02SHBP-LJ01D-09-PCO2WB103,2026-04-06,100.0
CE02SHBP-LJ01D-09-PCO2WB103,2026-04-13,100.0
CE02SHBP-LJ01D-09-PCO2WB103,2026-04-20,100.0
CE02SHBP-LJ01D-09-PCO2WB103,2026-04-27,100.0
CE02SHBP-LJ01D-09-PCO2WB103,2026-05-04,100.0
CE02SHBP-LJ01D-09-PCO2WB103,2026-05-11,100.0
CE02SHBP-LJ01D-09-PCO2WB103,2026-05-18,100.0
CE02SHBP-LJ01D-09-PCO2WB103,2026-05-25,100.0
CE02SHBP-LJ01D-09-PCO2WB103,2026-06-01,100.0
CE02SHBP-LJ01D-09-PCO2WB103,2026-06-08,100.0
CE02SHBP-LJ01D-09-PCO2WB103,2026-06-15,100.0
CE02SHBP-LJ01D-09-PCO2WB103,2026-06-22,100.0
CE02SHBP-LJ01D-09-PCO2WB103,2026-06-29,100.0
CE04OSBP-LJ01C-05-ADCPSI103,2025-10-06,100.0
CE04OSBP-LJ01C-05-ADCPSI103,2025-10-13,100.0
CE04OSBP-LJ01C-05-ADCPSI103,2025-10-20,100.0
CE04OSBP-LJ01C-05-ADCPSI103,2025-10-27,100.0
CE04OSBP-LJ01C-05-ADCPSI103,2025-11-03,100.0
CE04OSBP-LJ01C-05-ADCPSI103,2025-11-10,100.0
CE04OSBP-LJ01C-05-ADCPSI103,2025-11-17,100.0
CE04OSBP-LJ01C-05-ADCPSI103,2025-11-24,100.0
CE04OSBP-LJ01C-05-ADCPSI103,2025-12-01,100.0
CE04OSBP-LJ01C-05-ADCPSI103,2025-12-08,100.0
CE04OSBP-LJ01C-05-ADCPSI103,2025-12-15,100.0
CE04OSBP-LJ01C-05-ADCPSI103,2025-12-22,100.0
CE04OSBP-LJ01C-05-ADCPSI103,2025-12-29,100.0
CE04OSBP-LJ01C-05-ADCPSI103,2026-01-05,100.0
CE04OSBP-LJ01C-05-ADCPSI103,2026-01-12,100.0
CE04OSBP-LJ01C-05-ADCPSI103,2026-01-19,100.0
CE04OSBP-LJ01C-05-ADCPSI103,2026-01-26,100.0
CE04OSBP-LJ01C-05-ADCPSI103,2026-02-02,100.0
CE04OSBP-LJ01C-05-ADCPSI103,2026-02-09,100.0
CE04OSBP-LJ01C-05-ADCPSI103,2026-02-16,100.0
CE04OSBP-LJ01C-05-ADCPSI103,2026-02-23,100.0
CE04OSBP-LJ01C-05-ADCPSI103,2026-03-02,100.0
CE04OSBP-LJ01C-05-ADCPSI103,2026-03-09,100.0
CE04OSBP-LJ01C-05-ADCPSI103,2026-03-16,100.0
CE04OSBP-LJ01C-05-ADCPSI103,2026-03-23,100.0
CE04OSBP-LJ01C-05-ADCPSI103,2026-03-30,100.0
CE04OSBP-LJ01C-05-ADCPSI103,2026-04-06,100.0
CE04OSBP-LJ01C-05-ADCPSI103,2026-04-13,100.0
CE04OSBP-LJ01C-05-ADCPSI103,2026-04-20,100.0
CE04OSBP-LJ01C-05-ADCPSI103,2026-04-27,100.0
CE04OSBP-LJ01C-05-ADCPSI103,2026-05-04,100.0
CE04OSBP-LJ01C-05-ADCPSI103,2026-05-11,100.0
CE04OSBP-LJ01C-05-ADCPSI103,2026-05-18,100.0
CE04OSBP-LJ01C-05-ADCPSI103,2026-05-25,100.0
CE04OSBP-LJ01C-05-ADCPSI103,2026-06-01,100.0
CE04OSBP-LJ01C-05-ADCPSI103,2026-06-08,100.0
CE04OSBP-LJ01C-05-ADCPSI103,2026-06-15,100.0
CE04OSBP-LJ01C-05-ADCPSI103,2026-06-22,100.0
CE04OSBP-LJ01C-05-ADCPSI103,2026-06-29,100.0
CE04OSBP-LJ01C-06-CTDBPO108,2025-10-06,100.0
CE04OSBP-LJ01C-06-CTDBPO108,2025-10-13,100.0
CE04OSBP-LJ01C-06-CTDBPO108,2025-10-20,100.0
CE04OSBP-LJ01C-06-CTDBPO108,2025-10-27,100.0
CE04OSBP-LJ01C-06-CTDBPO108,2025-11-03,100.0
CE04OSBP-LJ01C-06-CTDBPO108,2025-11-10,100.0
CE04OSBP-LJ01C-06-CTDBPO108,2025-11-17,100.0
CE04OSBP-LJ01C-06-CTDBPO108,2025-11-24,100.0
CE04OSBP-LJ01C-06-CTDBPO108,2025-12-01,100.0
CE04OSBP-LJ01C-06-CTDBPO108,2025-12-08,100.0
CE04OSBP-LJ01C-06-CTDBPO108,2025-12-15,100.0
CE04OSBP-LJ01C-06-CTDBPO108,2025-12-22,100.0
CE04OSBP-LJ01C-06-CTDBPO108,2025-12-29,100.0
CE04OSBP-LJ01C-06-CTDBPO108,2026-01-05,100.0
CE04OSBP-LJ01C-06-CTDBPO108,2026-01-12,100.0
CE04OSBP-LJ01C-06-CTDBPO108,2026-01-19,100.0
CE04OSBP-LJ01C-06-CTDBPO108,2026-01-26,100.0
CE04OSBP-LJ01C-06-CTDBPO108,2026-02-02,100.0
CE04OSBP-LJ01C-06-CTDBPO108,2026-02-09,100.0
CE04OSBP-LJ01C-06-CTDBPO108,2026-02-16,100.0
CE04OSBP-LJ01C-06-CTDBPO108,2026-02-23,100.0
CE04OSBP-LJ01C-06-CTDBPO108,2026-03-02,100.0
CE04OSBP-LJ01C-06-CTDBPO108,2026-03-09,100.0
CE04OSBP-LJ01C-06-CTDBPO108,2026-03-16,100.0
CE04OSBP-LJ01C-06-CTDBPO108,2026-03-23,100.0
CE04OSBP-LJ01C-06-CTDBPO108,2026-03-30,100.0
CE04OSBP-LJ01C-06-CTDBPO108,2026-04-06,100.0
CE04OSBP-LJ01C-06-CTDBPO108,2026-04-13,100.0
CE04OSBP-LJ01C-06-CTDBPO108,2026-04-20,100.0
CE04OSBP-LJ01C-06-CTDBPO108,2026-04-27,100.0
CE04OSBP-LJ01C-06-CTDBPO108,2026-05-04,100.0
CE04OSBP-LJ01C-06-CTDBPO108,2026-05-11,100.0
CE04OSBP-LJ01C-06-CTDBPO108,2026-05-18,100.0
CE04OSBP-LJ01C-06-CTDBPO108,2026-05-25,100.0
CE04OSBP-LJ01C-06-CTDBPO108,2026-06-01,100.0
CE04OSBP-LJ01C-06-CTDBPO108,2026-06-08,100.0
CE04OSBP-LJ01C-06-CTDBPO108,2026-06-15,100.0
CE04OSBP-LJ01C-06-CTDBPO108,2026-06-22,100.0
CE04OSBP-LJ01C-06-CTDBPO108,2026-06-29,100.0
CE04OSBP-LJ01C-08-OPTAAC104,2026-06-22,97.0
CE04OSBP-LJ01C-08-OPTAAC104,2026-06-29,96.7
CE04OSBP-LJ01C-09-PCO2WB104,2025-10-06,100.0
CE04OSBP-LJ01C-09-PCO2WB104,2025-10-13,100.0
CE04OSBP-LJ01C-09-PCO2WB104,2025-10-20,100.0
CE04OSBP-LJ01C-09-PCO2WB104,2025-10-27,100.0
CE04OSBP-LJ01C-09-PCO2WB104,2025-11-03,100.0
CE04OSBP-LJ01C-09-PCO2WB104,2025-11-10,100.0
CE04OSBP-LJ01C-09-PCO2WB104,2025-11-17,100.0
CE04OSBP-LJ01C-09-PCO2WB104,2025-11-24,100.0
CE04OSBP-LJ01C-09-PCO2WB104,2025-12-01,100.0
CE04OSBP-LJ01C-09-PCO2WB104,2025-12-08,100.0
CE04OSBP-LJ01C-09-PCO2WB104,2025-12-15,100.0
CE04OSBP-LJ01C-09-PCO2WB104,2025-12-22,100.0
CE04OSBP-LJ01C-09-PCO2WB104,2025-12-29,100.0
CE04OSBP-LJ01C-09-PCO2WB104,2026-01-05,100.0
CE04OSBP-LJ01C-09-PCO2WB104,2026-01-12,100.0
CE04OSBP-LJ01C-09-PCO2WB104,2026-01-19,100.0
CE04OSBP-LJ01C-09-PCO2WB104,2026-01-26,100.0
CE04OSBP-LJ01C-09-PCO2WB104,2026-02-02,100.0
CE04OSBP-LJ01C-09-PCO2WB104,2026-02-09,100.0
CE04OSBP-LJ01C-09-PCO2WB104,2026-02-16,100.0
CE04OSBP-LJ01C-09-PCO2WB104,2026-02-23,100.0
CE04OSBP-LJ01C-09-PCO2WB104,2026-03-02,100.0
CE04OSBP-LJ01C-09-PCO2WB104,2026-03-09,100.0
CE04OSBP-LJ01C-09-PCO2WB104,2026-03-16,100.0
CE04OSBP-LJ01C-09-PCO2WB104,2026-03-23,100.0
CE04OSBP-LJ01C-09-PCO2WB104,2026-03-30,100.0
CE04OSBP-LJ01C-09-PCO2WB104,2026-04-06,100.0
CE04OSBP-LJ01C-09-PCO2WB104,2026-04-13,100.0
CE04OSBP-LJ01C-09-PCO2WB104,2026-04-20,100.0
CE04OSBP-LJ01C-09-PCO2WB104,2026-04-27,100.0
CE04OSBP-LJ01C-09-PCO2WB104,2026-05-04,100.0
CE04OSBP-LJ01C-09-PCO2WB104,2026-05-11,100.0
CE04OSBP-LJ01C-09-PCO2WB104,2026-05-18,100.0
CE04OSBP-LJ01C-09-PCO2WB104,2026-05-25,100.0
CE04OSBP-LJ01C-09-PCO2WB104,2026-06-01,100.0
CE04OSBP-LJ01C-09-PCO2WB104,2026-06-08,100.0
CE04OSBP-LJ01C-09-PCO2WB104,2026-06-15,100.0
CE04OSBP-LJ01C-09-PCO2WB104,2026-06-22,100.0
CE04OSBP-LJ01C-10-PHSEND107,2025-10-06,93.5
CE04OSBP-LJ01C-10-PHSEND107,2025-10-13,95.8
CE04OSBP-LJ01C-10-PHSEND107,2025-10-20,93.5
CE04OSBP-LJ01C-10-PHSEND107,2025-10-27,92.3
CE04OSBP-LJ01C-10-PHSEND107,2025-11-03,93.5
CE04OSBP-LJ01C-10-PHSEND107,2025-11-10,95.2
CE04OSBP-LJ01C-10-PHSEND107,2025-11-17,95.8
CE04OSBP-LJ01C-10-PHSEND107,2025-11-24,92.9
CE04OSBP-LJ01C-10-PHSEND107,2025-12-01,92.3
CE04OSBP-LJ01C-10-PHSEND107,2025-12-08,94.6
CE04OSBP-LJ01C-10-PHSEND107,2025-12-15,89.3
CE04OSBP-LJ01C-10-PHSEND107,2025-12-22,86.9
CE04OSBP-LJ01C-10-PHSEND107,2025-12-29,91.7
CE04OSBP-LJ01C-10-PHSEND107,2026-01-05,95.8
CE04OSBP-LJ01C-10-PHSEND107,2026-01-12,94.6
CE04OSBP-LJ01C-10-PHSEND107,2026-01-19,91.7
CE04OSBP-LJ01C-10-PHSEND107,2026-01-26,90.5
CE04OSBP-LJ01C-10-PHSEND107,2026-02-02,96.4
CE04OSBP-LJ01C-10-PHSEND107,2026-02-09,95.8
CE04OSBP-LJ01C-10-PHSEND107,2026-02-16,90.5
CE04OSBP-LJ01C-10-PHSEND107,2026-02-23,91.7
CE04OSBP-LJ01C-10-PHSEND107,2026-03-02,92.9
CE04OSBP-LJ01C-10-PHSEND107,2026-03-09,94.6
CE04OSBP-LJ01C-10-PHSEND107,2026-03-16,95.8
CE04OSBP-LJ01C-10-PHSEND107,2026-03-23,95.2
CE04OSBP-LJ01C-10-PHSEND107,2026-03-30,93.5
CE04OSBP-LJ01C-10-PHSEND107,2026-04-06,91.7
CE04OSBP-LJ01C-10-PHSEND107,2026-04-13,92.9
CE04OSBP-LJ01C-10-PHSEND107,2026-04-20,94.6
CE04OSBP-LJ01C-10-PHSEND107,2026-04-27,96.4
CE04OSBP-LJ01C-10-PHSEND107,2026-05-04,89.9
CE04OSBP-LJ01C-10-PHSEND107,2026-05-11,93.9
CE04OSBP-LJ01C-10-PHSEND107,2026-05-18,94.6
CE04OSBP-LJ01C-10-PHSEND107,2026-05-25,88.7
CE04OSBP-LJ01C-10-PHSEND107,2026-06-01,95.8
CE04OSBP-LJ01C-10-PHSEND107,2026-06-08,92.3
CE04OSBP-LJ01C-10-PHSEND107,2026-06-15,91.7
CE04OSBP-LJ01C-10-PHSEND107,2026-06-22,92.3
CE04OSPS-PC01B-4A-CTDPFA109,2025-10-06,100.0
CE04OSPS-PC01B-4A-CTDPFA109,2025-10-13,100.0
CE04OSPS-PC01B-4A-CTDPFA109,2025-10-20,100.0
CE04OSPS-PC01B-4A-CTDPFA109,2025-10-27,100.0
CE04OSPS-PC01B-4A-CTDPFA109,2025-11-03,100.0
CE04OSPS-PC01B-4A-CTDPFA109,2025-11-10,100.0
CE04OSPS-PC01B-4A-CTDPFA109,2025-11-17,100.0
CE04OSPS-PC01B-4A-CTDPFA109,2025-11-24,100.0
CE04OSPS-PC01B-4A-CTDPFA109,2025-12-01,100.0
CE04OSPS-PC01B-4A-CTDPFA109,2025-12-08,100.0
CE04OSPS-PC01B-4A-CTDPFA109,2025-12-15,100.0
CE04OSPS-PC01B-4A-CTDPFA109,2025-12-22,100.0
CE04OSPS-PC01B-4A-CTDPFA109,2025-12-29,100.0
CE04OSPS-PC01B-4A-CTDPFA109,2026-01-05,100.0
CE04OSPS-PC01B-4A-CTDPFA109,2026-01-12,100.0
CE04OSPS-PC01B-4A-CTDPFA109,2026-01-19,100.0
CE04OSPS-PC01B-4A-CTDPFA109,2026-01-26,100.0
CE04OSPS-PC01B-4A-CTDPFA109,2026-02-02,100.0
CE04OSPS-PC01B-4A-CTDPFA109,2026-02-09,100.0
CE04OSPS-PC01B-4A-CTDPFA109,2026-02-16,100.0
CE04OSPS-PC01B-4A-CTDPFA109,2026-02-23,100.0
CE04OSPS-PC01B-4A-CTDPFA109,2026-03-02,100.0
CE04OSPS-PC01B-4A-CTDPFA109,2026-03-09,100.0
CE04OSPS-PC01B-4A-CTDPFA109,2026-03-16,100.0
CE04OSPS-PC01B-4A-CTDPFA109,2026-03-23,100.0
CE04OSPS-PC01B-4A-CTDPFA109,2026-03-30,100.0
CE04OSPS-PC01B-4A-CTDPFA109,2026-04-06,100.0
CE04OSPS-PC01B-4A-CTDPFA109,2026-04-13,100.0
CE04OSPS-PC01B-4A-CTDPFA109,2026-04-20,100.0
CE04OSPS-PC01B-4A-CTDPFA109,2026-04-27,100.0
CE04OSPS-PC01B-4A-CTDPFA109,2026-05-04,100.0
CE04OSPS-PC01B-4A-CTDPFA109,2026-05-11,100.0
CE04OSPS-PC01B-4A-CTDPFA109,2026-05-18,100.0
CE04OSPS-PC01B-4A-CTDPFA109,2026-05-25,100.0
CE04OSPS-PC01B-4A-CTDPFA109,2026-06-01,100.0
CE04OSPS-PC01B-4A-CTDPFA109,2026-06-08,100.0
CE04OSPS-PC01B-4A-CTDPFA109,2026-06-15,100.0
CE04OSPS-PC01B-4A-CTDPFA109,2026-06-22,100.0
CE04OSPS-PC01B-4B-PHSENA106,2025-10-06,100.0
CE04OSPS-PC01B-4B-PHSENA106,2025-10-13,100.0
CE04OSPS-PC01B-4D-PCO2WA105,2025-10-06,100.0
CE04OSPS-PC01B-4D-PCO2WA105,2025-10-13,100.0
CE04OSPS-PC01B-4D-PCO2WA105,2025-10-20,100.0
CE04OSPS-PC01B-4D-PCO2WA105,2025-10-27,100.0
CE04OSPS-PC01B-4D-PCO2WA105,2025-11-03,100.0
CE04OSPS-PC01B-4D-PCO2WA105,2025-11-10,100.0
CE04OSPS-PC01B-4D-PCO2WA105,2025-11-17,100.0
CE04OSPS-PC01B-4D-PCO2WA105,2025-11-24,100.0
CE04OSPS-PC01B-4D-PCO2WA105,2025-12-01,100.0
CE04OSPS-PC01B-4D-PCO2WA105,2025-12-08,100.0
CE04OSPS-PC01B-4D-PCO2WA105,2025-12-15,100.0
CE04OSPS-PC01B-4D-PCO2WA105,2025-12-22,100.0
CE04OSPS-PC01B-4D-PCO2WA105,2025-12-29,100.0
CE04OSPS-PC01B-4D-PCO2WA105,2026-01-05,100.0
CE04OSPS-PC01B-4D-PCO2WA105,2026-01-12,100.0
CE04OSPS-PC01B-4D-PCO2WA105,2026-01-19,100.0
CE04OSPS-PC01B-4D-PCO2WA105,2026-01-26,100.0
CE04OSPS-PC01B-4D-PCO2WA105,2026-02-02,100.0
CE04OSPS-PC01B-4D-PCO2WA105,2026-02-09,100.0
CE04OSPS-PC01B-4D-PCO2WA105,2026-02-16,100.0
CE04OSPS-PC01B-4D-PCO2WA105,2026-02-23,100.0
CE04OSPS-PC01B-4D-PCO2WA105,2026-03-02,100.0
CE04OSPS-PC01B-4D-PCO2WA105,2026-03-09,100.0
CE04OSPS-PC01B-4D-PCO2WA105,2026-03-16,100.0
CE04OSPS-PC01B-4D-PCO2WA105,2026-03-23,100.0
CE04OSPS-PC01B-4D-PCO2WA105,2026-03-30,100.0
CE04OSPS-PC01B-4D-PCO2WA105,2026-04-06,100.0
CE04OSPS-PC01B-4D-PCO2WA105,2026-04-13,100.0
CE04OSPS-PC01B-4D-PCO2WA105,2026-04-20,100.0
CE04OSPS-PC01B-4D-PCO2WA105,2026-04-27,100.0
CE04OSPS-PC01B-4D-PCO2WA105,2026-05-04,100.0
CE04OSPS-PC01B-4D-PCO2WA105,2026-05-11,100.0
CE04OSPS-PC01B-4D-PCO2WA105,2026-05-18,100.0
CE04OSPS-PC01B-4D-PCO2WA105,2026-05-25,100.0
CE04OSPS-PC01B-4D-PCO2WA105,2026-06-01,100.0
CE04OSPS-PC01B-4D-PCO2WA105,2026-06-08,100.0
CE04OSPS-PC01B-4D-PCO2WA105,2026-06-15,100.0
CE04OSPS-PC01B-4D-PCO2WA105,2026-06-22,100.0
CE04OSPS-SF01B-2A-CTDPFA107,2025-10-06,100.0
CE04OSPS-SF01B-2A-CTDPFA107,2025-10-13,100.0
CE04OSPS-SF01B-2A-CTDPFA107,2025-10-20,100.0
CE04OSPS-SF01B-2A-CTDPFA107,2025-10-27,100.0
CE04OSPS-SF01B-2A-CTDPFA107,2025-11-03,100.0
CE04OSPS-SF01B-2A-CTDPFA107,2025-11-10,100.0
CE04OSPS-SF01B-2A-CTDPFA107,2025-11-17,100.0
CE04OSPS-SF01B-2A-CTDPFA107,2025-11-24,100.0
CE04OSPS-SF01B-2A-CTDPFA107,2025-12-01,100.0
CE04OSPS-SF01B-2A-CTDPFA107,2025-12-08,100.0
CE04OSPS-SF01B-2A-CTDPFA107,2025-12-15,100.0
CE04OSPS-SF01B-2A-CTDPFA107,2025-12-22,100.0
CE04OSPS-SF01B-2A-CTDPFA107,2025-12-29,100.0
CE04OSPS-SF01B-2A-CTDPFA107,2026-01-05,100.0
CE04OSPS-SF01B-2A-CTDPFA107,2026-01-12,100.0
CE04OSPS-SF01B-2A-CTDPFA107,2026-01-19,100.0
CE04OSPS-SF01B-2A-CTDPFA107,2026-01-26,100.0
CE04OSPS-SF01B-2A-CTDPFA107,2026-02-02,100.0
CE04OSPS-SF01B-2A-CTDPFA107,2026-02-09,100.0
CE04OSPS-SF01B-2A-CTDPFA107,2026-02-16,100.0
CE04OSPS-SF01B-2A-CTDPFA107,2026-02-23,100.0
CE04OSPS-SF01B-2A-CTDPFA107,2026-03-02,100.0
CE04OSPS-SF01B-2A-CTDPFA107,2026-03-09,100.0
CE04OSPS-SF01B-2A-CTDPFA107,2026-03-16,100.0
CE04OSPS-SF01B-2A-CTDPFA107,2026-03-23,100.0
CE04OSPS-SF01B-2A-CTDPFA107,2026-03-30,100.0
CE04OSPS-SF01B-2A-CTDPFA107,2026-04-06,100.0
CE04OSPS-SF01B-2A-CTDPFA107,2026-04-13,100.0
CE04OSPS-SF01B-2A-CTDPFA107,2026-04-20,100.0
CE04OSPS-SF01B-2A-CTDPFA107,2026-04-27,100.0
CE04OSPS-SF01B-2A-CTDPFA107,2026-05-04,100.0
CE04OSPS-SF01B-2A-CTDPFA107,2026-05-11,100.0
CE04OSPS-SF01B-2A-CTDPFA107,2026-05-18,100.0
CE04OSPS-SF01B-2A-CTDPFA107,2026-05-25,100.0
CE04OSPS-SF01B-2A-CTDPFA107,2026-06-01,100.0
CE04OSPS-SF01B-2A-CTDPFA107,2026-06-08,100.0
CE04OSPS-SF01B-2A-CTDPFA107,2026-06-15,100.0
CE04OSPS-SF01B-2A-CTDPFA107,2026-06-22,100.0
CE04OSPS-SF01B-2B-PHSENA108,2025-10-06,100.0
CE04OSPS-SF01B-2B-PHSENA108,2025-10-13,100.0
CE04OSPS-SF01B-2B-PHSENA108,2025-10-20,100.0
CE04OSPS-SF01B-2B-PHSENA108,2025-10-27,100.0
CE04OSPS-SF01B-2B-PHSENA108,2025-11-03,100.0
CE04OSPS-SF01B-2B-PHSENA108,2025-11-10,100.0
CE04OSPS-SF01B-2B-PHSENA108,2025-11-17,100.0
CE04OSPS-SF01B-2B-PHSENA108,2025-11-24,100.0
CE04OSPS-SF01B-2B-PHSENA108,2025-12-01,100.0
CE04OSPS-SF01B-2B-PHSENA108,2025-12-08,100.0
CE04OSPS-SF01B-2B-PHSENA108,2025-12-15,100.0
CE04OSPS-SF01B-2B-PHSENA108,2025-12-22,100.0
CE04OSPS-SF01B-2B-PHSENA108,2025-12-29,100.0
CE04OSPS-SF01B-2B-PHSENA108,2026-01-05,100.0
CE04OSPS-SF01B-2B-PHSENA108,2026-01-12,100.0
CE04OSPS-SF01B-2B-PHSENA108,2026-01-19,100.0
CE04OSPS-SF01B-2B-PHSENA108,2026-01-26,96.1
CE04OSPS-SF01B-2B-PHSENA108,2026-02-02,97.4
CE04OSPS-SF01B-2B-PHSENA108,2026-02-09,96.5
CE04OSPS-SF01B-2B-PHSENA108,2026-02-16,98.2
CE04OSPS-SF01B-2B-PHSENA108,2026-02-23,98.0
CE04OSPS-SF01B-2B-PHSENA108,2026-03-02,91.2
CE04OSPS-SF01B-2B-PHSENA108,2026-03-09,97.8
CE04OSPS-SF01B-2B-PHSENA108,2026-03-16,95.7
CE04OSPS-SF01B-2B-PHSENA108,2026-03-23,49.8
CE04OSPS-SF01B-2B-PHSENA108,2026-03-30,23.1
CE04OSPS-SF01B-2B-PHSENA108,2026-04-06,20.6
CE04OSPS-SF01B-2B-PHSENA108,2026-04-13,26.0
CE04OSPS-SF01B-2B-PHSENA108,2026-04-20,28.6
CE04OSPS-SF01B-2B-PHSENA108,2026-04-27,22.5
CE04OSPS-SF01B-2B-PHSENA108,2026-05-04,20.0
CE04OSPS-SF01B-2B-PHSENA108,2026-05-11,13.6
CE04OSPS-SF01B-2B-PHSENA108,2026-05-18,18.8
CE04OSPS-SF01B-2B-PHSENA108,2026-05-25,24.7
CE04OSPS-SF01B-2B-PHSENA108,2026-06-01,23.2
CE04OSPS-SF01B-2B-PHSENA108,2026-06-08,19.1
CE04OSPS-SF01B-2B-PHSENA108,2026-06-15,27.3
CE04OSPS-SF01B-2B-PHSENA108,2026-06-22,27.6
CE04OSPS-SF01B-3A-FLORTD104,2025-10-06,74.5
CE04OSPS-SF01B-3A-FLORTD104,2025-10-13,73.0
CE04OSPS-SF01B-3A-FLORTD104,2025-10-20,73.1
CE04OSPS-SF01B-3A-FLORTD104,2025-10-27,72.9
CE04OSPS-SF01B-3A-FLORTD104,2025-11-03,71.9
CE04OSPS-SF01B-3A-FLORTD104,2025-11-10,74.3
CE04OSPS-SF01B-3A-FLORTD104,2025-11-17,74.5
CE04OSPS-SF01B-3A-FLORTD104,2025-11-24,64.2
CE04OSPS-SF01B-3A-FLORTD104,2025-12-01,75.0
CE04OSPS-SF01B-3A-FLORTD104,2025-12-08,75.5
CE04OSPS-SF01B-3A-FLORTD104,2025-12-15,74.8
CE04OSPS-SF01B-3A-FLORTD104,2025-12-22,75.1
CE04OSPS-SF01B-3A-FLORTD104,2025-12-29,74.8
CE04OSPS-SF01B-3A-FLORTD104,2026-01-05,73.7
CE04OSPS-SF01B-3A-FLORTD104,2026-01-12,73.9
CE04OSPS-SF01B-3A-FLORTD104,2026-01-19,74.3
CE04OSPS-SF01B-3A-FLORTD104,2026-01-26,74.0
CE04OSPS-SF01B-3A-FLORTD104,2026-02-02,74.0
CE04OSPS-SF01B-3A-FLORTD104,2026-02-09,73.8
CE04OSPS-SF01B-3A-FLORTD104,2026-02-16,73.5
CE04OSPS-SF01B-3A-FLORTD104,2026-02-23,75.2
CE04OSPS-SF01B-3A-FLORTD104,2026-03-02,75.3
CE04OSPS-SF01B-3A-FLORTD104,2026-03-09,74.3
CE04OSPS-SF01B-3A-FLORTD104,2026-03-16,74.8
CE04OSPS-SF01B-3A-FLORTD104,2026-03-23,75.1
CE04OSPS-SF01B-3A-FLORTD104,2026-03-30,76.1
CE04OSPS-SF01B-3A-FLORTD104,2026-04-06,73.4
CE04OSPS-SF01B-3A-FLORTD104,2026-04-13,75.1
CE04OSPS-SF01B-3A-FLORTD104,2026-04-20,73.8
CE04OSPS-SF01B-3A-FLORTD104,2026-04-27,73.5
CE04OSPS-SF01B-3A-FLORTD104,2026-05-04,73.4
CE04OSPS-SF01B-3A-FLORTD104,2026-05-11,68.9
CE04OSPS-SF01B-3A-FLORTD104,2026-05-18,65.0
CE04OSPS-SF01B-3A-FLORTD104,2026-05-25,67.4
CE04OSPS-SF01B-3A-FLORTD104,2026-06-01,69.9
CE04OSPS-SF01B-3A-FLORTD104,2026-06-08,70.1
CE04OSPS-SF01B-3A-FLORTD104,2026-06-15,67.7
CE04OSPS-SF01B-3A-FLORTD104,2026-06-22,70.6
CE04OSPS-SF01B-3B-OPTAAD105,2026-06-22,98.6
CE04OSPS-SF01B-3B-OPTAAD105,2026-06-29,98.6
CE04OSPS-SF01B-3C-PARADA102,2025-10-06,0.0
CE04OSPS-SF01B-3C-PARADA102,2025-10-13,0.0
CE04OSPS-SF01B-3C-PARADA102,2025-10-20,0.0
CE04OSPS-SF01B-3C-PARADA102,2025-10-27,0.0
CE04OSPS-SF01B-3C-PARADA102,2025-11-03,0.0
CE04OSPS-SF01B-3C-PARADA102,2025-11-10,0.0
CE04OSPS-SF01B-3C-PARADA102,2025-11-17,0.0
CE04OSPS-SF01B-3C-PARADA102,2025-11-24,0.0
CE04OSPS-SF01B-3C-PARADA102,2025-12-01,0.0
CE04OSPS-SF01B-3C-PARADA102,2025-12-08,0.0
CE04OSPS-SF01B-3C-PARADA102,2025-12-15,0.0
CE04OSPS-SF01B-3C-PARADA102,2025-12-22,0.0
CE04OSPS-SF01B-3C-PARADA102,2025-12-29,0.0
CE04OSPS-SF01B-3C-PARADA102,2026-01-05,0.0
CE04OSPS-SF01B-3C-PARADA102,2026-01-12,0.0
CE04OSPS-SF01B-3C-PARADA102,2026-01-19,0.0
CE04OSPS-SF01B-3C-PARADA102,2026-01-26,0.0
CE04OSPS-SF01B-3C-PARADA102,2026-02-02,0.0
CE04OSPS-SF01B-3C-PARADA102,2026-02-09,0.0
CE04OSPS-SF01B-3C-PARADA102,2026-02-16,0.0
CE04OSPS-SF01B-3C-PARADA102,2026-02-23,0.0
CE04OSPS-SF01B-3C-PARADA102,2026-03-02,0.0
CE04OSPS-SF01B-3C-PARADA102,2026-03-09,0.0
CE04OSPS-SF01B-3C-PARADA102,2026-03-16,0.0
CE04OSPS-SF01B-3C-PARADA102,2026-03-23,0.0
CE04OSPS-SF01B-3C-PARADA102,2026-03-30,0.0
CE04OSPS-SF01B-3C-PARADA102,2026-04-06,0.0
CE04OSPS-SF01B-3C-PARADA102,2026-04-13,0.0
CE04OSPS-SF01B-3C-PARADA102,2026-04-20,0.0
CE04OSPS-SF01B-3C-PARADA102,2026-04-27,0.0
CE04OSPS-SF01B-3C-PARADA102,2026-05-04,0.0
CE04OSPS-SF01B-3C-PARADA102,2026-05-11,0.0
CE04OSPS-SF01B-3C-PARADA102,2026-05-18,0.0
CE04OSPS-SF01B-3C-PARADA102,2026-05-25,0.0
CE04OSPS-SF01B-3C-PARADA102,2026-06-01,0.0
CE04OSPS-SF01B-3C-PARADA102,2026-06-08,0.0
CE04OSPS-SF01B-3C-PARADA102,2026-06-15,0.0
CE04OSPS-SF01B-3C-PARADA102,2026-06-22,0.0
CE04OSPS-SF01B-4A-NUTNRA102,2025-10-06,99.9
CE04OSPS-SF01B-4A-NUTNRA102,2025-10-13,100.0
CE04OSPS-SF01B-4A-NUTNRA102,2025-10-20,100.0
CE04OSPS-SF01B-4A-NUTNRA102,2025-10-27,100.0
CE04OSPS-SF01B-4A-NUTNRA102,2025-11-03,100.0
CE04OSPS-SF01B-4A-NUTNRA102,2025-11-10,100.0
CE04OSPS-SF01B-4A-NUTNRA102,2025-11-17,100.0
CE04OSPS-SF01B-4A-NUTNRA102,2025-11-24,100.0
CE04OSPS-SF01B-4A-NUTNRA102,2025-12-01,100.0
CE04OSPS-SF01B-4A-NUTNRA102,2025-12-08,100.0
CE04OSPS-SF01B-4A-NUTNRA102,2025-12-15,100.0
CE04OSPS-SF01B-4A-NUTNRA102,2025-12-22,100.0
CE04OSPS-SF01B-4A-NUTNRA102,2025-12-29,100.0
CE04OSPS-SF01B-4A-NUTNRA102,2026-01-05,100.0
CE04OSPS-SF01B-4A-NUTNRA102,2026-01-12,100.0
CE04OSPS-SF01B-4A-NUTNRA102,2026-01-19,100.0
CE04OSPS-SF01B-4A-NUTNRA102,2026-01-26,100.0
CE04OSPS-SF01B-4A-NUTNRA102,2026-02-02,100.0
CE04OSPS-SF01B-4A-NUTNRA102,2026-02-09,100.0
CE04OSPS-SF01B-4A-NUTNRA102,2026-02-16,100.0
CE04OSPS-SF01B-4A-NUTNRA102,2026-02-23,99.3
CE04OSPS-SF01B-4A-NUTNRA102,2026-03-02,100.0
CE04OSPS-SF01B-4A-NUTNRA102,2026-03-09,100.0
CE04OSPS-SF01B-4A-NUTNRA102,2026-03-16,100.0
CE04OSPS-SF01B-4A-NUTNRA102,2026-03-23,100.0
CE04OSPS-SF01B-4A-NUTNRA102,2026-03-30,100.0
CE04OSPS-SF01B-4A-NUTNRA102,2026-04-06,100.0
CE04OSPS-SF01B-4A-NUTNRA102,2026-04-13,100.0
CE04OSPS-SF01B-4A-NUTNRA102,2026-04-20,100.0
CE04OSPS-SF01B-4A-NUTNRA102,2026-04-27,100.0
CE04OSPS-SF01B-4A-NUTNRA102,2026-05-04,100.0
CE04OSPS-SF01B-4A-NUTNRA102,2026-05-11,100.0
CE04OSPS-SF01B-4A-NUTNRA102,2026-05-18,100.0
CE04OSPS-SF01B-4A-NUTNRA102,2026-05-25,100.0
CE04OSPS-SF01B-4A-NUTNRA102,2026-06-01,100.0
CE04OSPS-SF01B-4A-NUTNRA102,2026-06-08,100.0
CE04OSPS-SF01B-4A-NUTNRA102,2026-06-15,100.0
CE04OSPS-SF01B-4A-NUTNRA102,2026-06-22,100.0
CE04OSPS-SF01B-4F-PCO2WA102,2025-10-06,100.0
CE04OSPS-SF01B-4F-PCO2WA102,2025-10-13,97.4
CE04OSPS-SF01B-4F-PCO2WA102,2025-10-20,100.0
CE04OSPS-SF01B-4F-PCO2WA102,2025-10-27,100.0
CE04OSPS-SF01B-4F-PCO2WA102,2025-11-03,98.6
CE04OSPS-SF01B-4F-PCO2WA102,2025-11-10,100.0
CE04OSPS-SF01B-4F-PCO2WA102,2025-11-17,100.0
CE04OSPS-SF01B-4F-PCO2WA102,2025-11-24,100.0
CE04OSPS-SF01B-4F-PCO2WA102,2025-12-01,100.0
CE04OSPS-SF01B-4F-PCO2WA102,2025-12-08,100.0
CE04OSPS-SF01B-4F-PCO2WA102,2025-12-15,100.0
CE04OSPS-SF01B-4F-PCO2WA102,2025-12-22,100.0
CE04OSPS-SF01B-4F-PCO2WA102,2025-12-29,100.0
CE04OSPS-SF01B-4F-PCO2WA102,2026-01-05,100.0
CE04OSPS-SF01B-4F-PCO2WA102,2026-01-12,100.0
CE04OSPS-SF01B-4F-PCO2WA102,2026-01-19,100.0
CE04OSPS-SF01B-4F-PCO2WA102,2026-01-26,100.0
CE04OSPS-SF01B-4F-PCO2WA102,2026-02-02,100.0
CE04OSPS-SF01B-4F-PCO2WA102,2026-02-09,100.0
CE04OSPS-SF01B-4F-PCO2WA102,2026-02-16,100.0
CE04OSPS-SF01B-4F-PCO2WA102,2026-02-23,100.0
CE04OSPS-SF01B-4F-PCO2WA102,2026-03-02,100.0
CE04OSPS-SF01B-4F-PCO2WA102,2026-03-09,100.0
CE04OSPS-SF01B-4F-PCO2WA102,2026-03-16,100.0
CE04OSPS-SF01B-4F-PCO2WA102,2026-03-23,100.0
CE04OSPS-SF01B-4F-PCO2WA102,2026-03-30,100.0
CE04OSPS-SF01B-4F-PCO2WA102,2026-04-06,100.0
CE04OSPS-SF01B-4F-PCO2WA102,2026-04-13,100.0
CE04OSPS-SF01B-4F-PCO2WA102,2026-04-20,100.0
CE04OSPS-SF01B-4F-PCO2WA102,2026-04-27,100.0
CE04OSPS-SF01B-4F-PCO2WA102,2026-05-04,100.0
CE04OSPS-SF01B-4F-PCO2WA102,2026-05-11,100.0
CE04OSPS-SF01B-4F-PCO2WA102,2026-05-18,87.3
CE04OSPS-SF01B-4F-PCO2WA102,2026-05-25,41.9
CE04OSPS-SF01B-4F-PCO2WA102,2026-06-01,36.6
CE04OSPS-SF01B-4F-PCO2WA102,2026-06-08,16.2
CE04OSPS-SF01B-4F-PCO2WA102,2026-06-15,81.3
CE04OSPS-SF01B-4F-PCO2WA102,2026-06-22,21.1
RS01SBPS-PC01A-05-ADCPTD102,2025-10-06,100.0
RS01SBPS-PC01A-05-ADCPTD102,2025-10-13,100.0
RS01SBPS-PC01A-05-ADCPTD102,2025-10-20,100.0
RS01SBPS-PC01A-05-ADCPTD102,2025-10-27,100.0
RS01SBPS-PC01A-05-ADCPTD102,2025-11-03,100.0
RS01SBPS-PC01A-05-ADCPTD102,2025-11-10,100.0
RS01SBPS-PC01A-05-ADCPTD102,2025-11-17,100.0
RS01SBPS-PC01A-05-ADCPTD102,2025-11-24,100.0
RS01SBPS-PC01A-05-ADCPTD102,2025-12-01,100.0
RS01SBPS-PC01A-05-ADCPTD102,2025-12-08,100.0
RS01SBPS-PC01A-05-ADCPTD102,2025-12-15,100.0
RS01SBPS-PC01A-05-ADCPTD102,2025-12-22,100.0
RS01SBPS-PC01A-05-ADCPTD102,2025-12-29,100.0
RS01SBPS-PC01A-05-ADCPTD102,2026-01-05,100.0
RS01SBPS-PC01A-05-ADCPTD102,2026-01-12,100.0
RS01SBPS-PC01A-05-ADCPTD102,2026-01-19,100.0
RS01SBPS-PC01A-05-ADCPTD102,2026-01-26,100.0
RS01SBPS-PC01A-05-ADCPTD102,2026-02-02,100.0
RS01SBPS-PC01A-05-ADCPTD102,2026-02-09,100.0
RS01SBPS-PC01A-05-ADCPTD102,2026-02-16,100.0
RS01SBPS-PC01A-05-ADCPTD102,2026-02-23,100.0
RS01SBPS-PC01A-05-ADCPTD102,2026-03-02,100.0
RS01SBPS-PC01A-05-ADCPTD102,2026-03-09,100.0
RS01SBPS-PC01A-05-ADCPTD102,2026-03-16,100.0
RS01SBPS-PC01A-05-ADCPTD102,2026-03-23,100.0
RS01SBPS-PC01A-05-ADCPTD102,2026-03-30,100.0
RS01SBPS-PC01A-05-ADCPTD102,2026-04-06,100.0
RS01SBPS-PC01A-05-ADCPTD102,2026-04-13,100.0
RS01SBPS-PC01A-05-ADCPTD102,2026-04-20,100.0
RS01SBPS-PC01A-05-ADCPTD102,2026-04-27,100.0
RS01SBPS-PC01A-05-ADCPTD102,2026-05-04,100.0
RS01SBPS-PC01A-05-ADCPTD102,2026-05-11,100.0
RS01SBPS-PC01A-05-ADCPTD102,2026-05-18,100.0
RS01SBPS-PC01A-05-ADCPTD102,2026-05-25,100.0
RS01SBPS-PC01A-05-ADCPTD102,2026-06-01,100.0
RS01SBPS-PC01A-05-ADCPTD102,2026-06-08,100.0
RS01SBPS-PC01A-05-ADCPTD102,2026-06-15,100.0
RS01SBPS-PC01A-05-ADCPTD102,2026-06-22,100.0
RS01SBPS-PC01A-4A-CTDPFA103,2025-10-06,100.0
RS01SBPS-PC01A-4A-CTDPFA103,2025-10-13,100.0
RS01SBPS-PC01A-4A-CTDPFA103,2025-10-20,100.0
RS01SBPS-PC01A-4A-CTDPFA103,2025-10-27,100.0
RS01SBPS-PC01A-4A-CTDPFA103,2025-11-03,100.0
RS01SBPS-PC01A-4A-CTDPFA103,2025-11-10,100.0
RS01SBPS-PC01A-4A-CTDPFA103,2025-11-17,100.0
RS01SBPS-PC01A-4A-CTDPFA103,2025-11-24,100.0
RS01SBPS-PC01A-4A-CTDPFA103,2025-12-01,100.0
RS01SBPS-PC01A-4A-CTDPFA103,2025-12-08,100.0
RS01SBPS-PC01A-4A-CTDPFA103,2025-12-15,100.0
RS01SBPS-PC01A-4A-CTDPFA103,2025-12-22,100.0
RS01SBPS-PC01A-4A-CTDPFA103,2025-12-29,100.0
RS01SBPS-PC01A-4A-CTDPFA103,2026-01-05,100.0
RS01SBPS-PC01A-4A-CTDPFA103,2026-01-12,100.0
RS01SBPS-PC01A-4A-CTDPFA103,2026-01-19,100.0
RS01SBPS-PC01A-4A-CTDPFA103,2026-01-26,100.0
RS01SBPS-PC01A-4A-CTDPFA103,2026-02-02,100.0
RS01SBPS-PC01A-4A-CTDPFA103,2026-02-09,100.0
RS01SBPS-PC01A-4A-CTDPFA103,2026-02-16,100.0
RS01SBPS-PC01A-4A-CTDPFA103,2026-02-23,100.0
RS01SBPS-PC01A-4A-CTDPFA103,2026-03-02,100.0
RS01SBPS-PC01A-4A-CTDPFA103,2026-03-09,100.0
RS01SBPS-PC01A-4A-CTDPFA103,2026-03-16,100.0
RS01SBPS-PC01A-4A-CTDPFA103,2026-03-23,100.0
RS01SBPS-PC01A-4A-CTDPFA103,2026-03-30,100.0
RS01SBPS-PC01A-4A-CTDPFA103,2026-04-06,100.0
RS01SBPS-PC01A-4A-CTDPFA103,2026-04-13,100.0
RS01SBPS-PC01A-4A-CTDPFA103,2026-04-20,100.0
RS01SBPS-PC01A-4A-CTDPFA103,2026-04-27,100.0
RS01SBPS-PC01A-4A-CTDPFA103,2026-05-04,100.0
RS01SBPS-PC01A-4A-CTDPFA103,2026-05-11,100.0
RS01SBPS-PC01A-4A-CTDPFA103,2026-05-18,100.0
RS01SBPS-PC01A-4A-CTDPFA103,2026-05-25,100.0
RS01SBPS-PC01A-4A-CTDPFA103,2026-06-01,100.0
RS01SBPS-PC01A-4A-CTDPFA103,2026-06-08,100.0
RS01SBPS-PC01A-4A-CTDPFA103,2026-06-15,100.0
RS01SBPS-PC01A-4A-CTDPFA103,2026-06-22,100.0
RS01SBPS-PC01A-4B-PHSENA102,2025-10-06,100.0
RS01SBPS-PC01A-4B-PHSENA102,2025-10-13,100.0
RS01SBPS-PC01A-4B-PHSENA102,2025-10-20,100.0
RS01SBPS-PC01A-4B-PHSENA102,2025-10-27,100.0
RS01SBPS-PC01A-4B-PHSENA102,2025-11-03,100.0
RS01SBPS-PC01A-4B-PHSENA102,2025-11-10,100.0
RS01SBPS-PC01A-4B-PHSENA102,2025-11-17,100.0
RS01SBPS-PC01A-4B-PHSENA102,2025-11-24,100.0
RS01SBPS-PC01A-4B-PHSENA102,2025-12-01,100.0
RS01SBPS-PC01A-4B-PHSENA102,2025-12-08,100.0
RS01SBPS-PC01A-4B-PHSENA102,2025-12-15,100.0
RS01SBPS-PC01A-4B-PHSENA102,2025-12-22,100.0
RS01SBPS-PC01A-4B-PHSENA102,2025-12-29,100.0
RS01SBPS-PC01A-4B-PHSENA102,2026-01-05,100.0
RS01SBPS-PC01A-4B-PHSENA102,2026-01-12,100.0
RS01SBPS-PC01A-4B-PHSENA102,2026-01-19,100.0
RS01SBPS-PC01A-4B-PHSENA102,2026-01-26,100.0
RS01SBPS-PC01A-4B-PHSENA102,2026-02-02,100.0
RS01SBPS-PC01A-4B-PHSENA102,2026-02-09,100.0
RS01SBPS-PC01A-4B-PHSENA102,2026-02-16,100.0
RS01SBPS-PC01A-4B-PHSENA102,2026-02-23,100.0
RS01SBPS-PC01A-4B-PHSENA102,2026-03-02,100.0
RS01SBPS-PC01A-4B-PHSENA102,2026-03-09,100.0
RS01SBPS-PC01A-4B-PHSENA102,2026-03-16,100.0
RS01SBPS-PC01A-4B-PHSENA102,2026-03-23,100.0
RS01SBPS-PC01A-4B-PHSENA102,2026-03-30,100.0
RS01SBPS-PC01A-4B-PHSENA102,2026-04-06,98.8
RS01SBPS-PC01A-4B-PHSENA102,2026-04-13,100.0
RS01SBPS-PC01A-4B-PHSENA102,2026-04-20,100.0
RS01SBPS-PC01A-4B-PHSENA102,2026-04-27,100.0
RS01SBPS-PC01A-4B-PHSENA102,2026-05-04,100.0
RS01SBPS-PC01A-4B-PHSENA102,2026-05-11,100.0
RS01SBPS-PC01A-4B-PHSENA102,2026-05-18,100.0
RS01SBPS-PC01A-4B-PHSENA102,2026-05-25,100.0
RS01SBPS-PC01A-4B-PHSENA102,2026-06-01,100.0
RS01SBPS-PC01A-4B-PHSENA102,2026-06-08,100.0
RS01SBPS-PC01A-4B-PHSENA102,2026-06-15,100.0
RS01SBPS-PC01A-4B-PHSENA102,2026-06-22,100.0
RS01SBPS-PC01A-4C-FLORDD103,2025-10-06,100.0
RS01SBPS-PC01A-4C-FLORDD103,2025-10-13,100.0
RS01SBPS-PC01A-4C-FLORDD103,2025-10-20,100.0
RS01SBPS-PC01A-4C-FLORDD103,2025-10-27,100.0
RS01SBPS-PC01A-4C-FLORDD103,2025-11-03,100.0
RS01SBPS-PC01A-4C-FLORDD103,2025-11-10,100.0
RS01SBPS-PC01A-4C-FLORDD103,2025-11-17,100.0
RS01SBPS-PC01A-4C-FLORDD103,2025-11-24,100.0
RS01SBPS-PC01A-4C-FLORDD103,2025-12-01,100.0
RS01SBPS-PC01A-4C-FLORDD103,2025-12-08,100.0
RS01SBPS-PC01A-4C-FLORDD103,2025-12-15,100.0
RS01SBPS-PC01A-4C-FLORDD103,2025-12-22,100.0
RS01SBPS-PC01A-4C-FLORDD103,2025-12-29,100.0
RS01SBPS-PC01A-4C-FLORDD103,2026-01-05,100.0
RS01SBPS-PC01A-4C-FLORDD103,2026-01-12,100.0
RS01SBPS-PC01A-4C-FLORDD103,2026-01-19,100.0
RS01SBPS-PC01A-4C-FLORDD103,2026-01-26,99.9
RS01SBPS-PC01A-4C-FLORDD103,2026-02-02,99.8
RS01SBPS-PC01A-4C-FLORDD103,2026-02-09,99.7
RS01SBPS-PC01A-4C-FLORDD103,2026-02-16,100.0
RS01SBPS-PC01A-4C-FLORDD103,2026-02-23,100.0
RS01SBPS-PC01A-4C-FLORDD103,2026-03-02,100.0
RS01SBPS-PC01A-4C-FLORDD103,2026-03-09,100.0
RS01SBPS-PC01A-4C-FLORDD103,2026-03-16,100.0
RS01SBPS-PC01A-4C-FLORDD103,2026-03-23,100.0
RS01SBPS-PC01A-4C-FLORDD103,2026-03-30,100.0
RS01SBPS-PC01A-4C-FLORDD103,2026-04-06,100.0
RS01SBPS-PC01A-4C-FLORDD103,2026-04-13,99.3
RS01SBPS-PC01A-4C-FLORDD103,2026-04-20,100.0
RS01SBPS-PC01A-4C-FLORDD103,2026-04-27,99.9
RS01SBPS-PC01A-4C-FLORDD103,2026-05-04,99.7
RS01SBPS-PC01A-4C-FLORDD103,2026-05-11,99.8
RS01SBPS-PC01A-4C-FLORDD103,2026-05-18,99.6
RS01SBPS-PC01A-4C-FLORDD103,2026-05-25,99.2
RS01SBPS-PC01A-4C-FLORDD103,2026-06-01,99.8
RS01SBPS-PC01A-4C-FLORDD103,2026-06-08,97.6
RS01SBPS-PC01A-4C-FLORDD103,2026-06-15,100.0
RS01SBPS-PC01A-4C-FLORDD103,2026-06-22,100.0
RS01SBPS-SF01A-2D-PHSENA101,2025-10-06,97.8
RS01SBPS-SF01A-2D-PHSENA101,2025-10-13,96.8
RS01SBPS-SF01A-2D-PHSENA101,2025-10-20,97.2
RS01SBPS-SF01A-2D-PHSENA101,2025-10-27,98.6
RS01SBPS-SF01A-2D-PHSENA101,2025-11-03,98.7
RS01SBPS-SF01A-2D-PHSENA101,2025-11-10,98.7
RS01SBPS-SF01A-2D-PHSENA101,2025-11-17,98.2
RS01SBPS-SF01A-2D-PHSENA101,2025-11-24,99.1
RS01SBPS-SF01A-2D-PHSENA101,2025-12-01,97.8
RS01SBPS-SF01A-2D-PHSENA101,2025-12-08,99.6
RS01SBPS-SF01A-2D-PHSENA101,2025-12-15,99.1
RS01SBPS-SF01A-2D-PHSENA101,2025-12-22,97.9
RS01SBPS-SF01A-2D-PHSENA101,2025-12-29,99.6
RS01SBPS-SF01A-2D-PHSENA101,2026-01-05,99.5
RS01SBPS-SF01A-2D-PHSENA101,2026-01-12,100.0
RS01SBPS-SF01A-2D-PHSENA101,2026-01-19,97.9
RS01SBPS-SF01A-2D-PHSENA101,2026-01-26,98.8
RS01SBPS-SF01A-2D-PHSENA101,2026-02-02,99.1
RS01SBPS-SF01A-2D-PHSENA101,2026-02-09,97.8
RS01SBPS-SF01A-2D-PHSENA101,2026-02-16,99.5
RS01SBPS-SF01A-2D-PHSENA101,2026-02-23,99.1
RS01SBPS-SF01A-2D-PHSENA101,2026-03-02,98.7
RS01SBPS-SF01A-2D-PHSENA101,2026-03-09,98.2
RS01SBPS-SF01A-2D-PHSENA101,2026-03-16,99.6
RS01SBPS-SF01A-2D-PHSENA101,2026-03-23,98.7
RS01SBPS-SF01A-2D-PHSENA101,2026-03-30,97.8
RS01SBPS-SF01A-2D-PHSENA101,2026-04-06,100.0
RS01SBPS-SF01A-2D-PHSENA101,2026-04-13,99.6
RS01SBPS-SF01A-2D-PHSENA101,2026-04-20,99.1
RS01SBPS-SF01A-2D-PHSENA101,2026-04-27,99.1
RS01SBPS-SF01A-2D-PHSENA101,2026-05-04,97.8
RS01SBPS-SF01A-2D-PHSENA101,2026-05-11,100.0
RS01SBPS-SF01A-2D-PHSENA101,2026-05-18,98.3
RS01SBPS-SF01A-2D-PHSENA101,2026-05-25,99.1
RS01SBPS-SF01A-2D-PHSENA101,2026-06-01,99.1
RS01SBPS-SF01A-2D-PHSENA101,2026-06-08,98.3
RS01SBPS-SF01A-2D-PHSENA101,2026-06-15,99.1
RS01SBPS-SF01A-2D-PHSENA101,2026-06-22,97.8
RS01SBPS-SF01A-2D-PHSENA101,2026-06-29,93.8
RS01SBPS-SF01A-3A-FLORTD101,2026-01-05,100.0
RS01SBPS-SF01A-3A-FLORTD101,2026-01-12,100.0
RS01SBPS-SF01A-3A-FLORTD101,2026-01-19,100.0
RS01SBPS-SF01A-3A-FLORTD101,2026-01-26,100.0
RS01SBPS-SF01A-3A-FLORTD101,2026-02-02,100.0
RS01SBPS-SF01A-3A-FLORTD101,2026-02-09,100.0
RS01SBPS-SF01A-3A-FLORTD101,2026-02-16,100.0
RS01SBPS-SF01A-3A-FLORTD101,2026-02-23,100.0
RS01SBPS-SF01A-3A-FLORTD101,2026-03-02,100.0
RS01SBPS-SF01A-3A-FLORTD101,2026-03-09,100.0
RS01SBPS-SF01A-3A-FLORTD101,2026-03-16,100.0
RS01SBPS-SF01A-3A-FLORTD101,2026-03-23,100.0
RS01SBPS-SF01A-3A-FLORTD101,2026-03-30,100.0
RS01SBPS-SF01A-3A-FLORTD101,2026-04-06,100.0
RS01SBPS-SF01A-3A-FLORTD101,2026-04-13,100.0
RS01SBPS-SF01A-3A-FLORTD101,2026-04-20,100.0
RS01SBPS-SF01A-3A-FLORTD101,2026-04-27,100.0
RS01SBPS-SF01A-3A-FLORTD101,2026-05-04,100.0
RS01SBPS-SF01A-3A-FLORTD101,2026-05-11,100.0
RS01SBPS-SF01A-3A-FLORTD101,2026-05-18,100.0
RS01SBPS-SF01A-3A-FLORTD101,2026-05-25,100.0
RS01SBPS-SF01A-3A-FLORTD101,2026-06-01,100.0
RS01SBPS-SF01A-3A-FLORTD101,2026-06-08,100.0
RS01SBPS-SF01A-3A-FLORTD101,2026-06-15,100.0
RS01SBPS-SF01A-3A-FLORTD101,2026-06-22,100.0
RS01SBPS-SF01A-3A-FLORTD101,2026-06-29,100.0
RS01SBPS-SF01A-3B-OPTAAD101,2026-05-18,97.8
RS01SBPS-SF01A-3B-OPTAAD101,2026-05-25,97.7
RS01SBPS-SF01A-3B-OPTAAD101,2026-06-01,97.7
RS01SBPS-SF01A-3B-OPTAAD101,2026-06-08,97.7
RS01SBPS-SF01A-3B-OPTAAD101,2026-06-15,97.6
RS01SBPS-SF01A-3B-OPTAAD101,2026-06-22,97.6
RS01SBPS-SF01A-3B-OPTAAD101,2026-06-29,97.6
RS01SBPS-SF01A-3C-PARADA101,2025-10-06,0.0
RS01SBPS-SF01A-3C-PARADA101,2025-10-13,0.0
RS01SBPS-SF01A-3C-PARADA101,2025-10-20,0.0
RS01SBPS-SF01A-3C-PARADA101,2025-10-27,0.0
RS01SBPS-SF01A-3C-PARADA101,2025-11-03,0.0
RS01SBPS-SF01A-3C-PARADA101,2025-11-10,0.0
RS01SBPS-SF01A-3C-PARADA101,2025-11-17,0.0
RS01SBPS-SF01A-3C-PARADA101,2025-11-24,0.0
RS01SBPS-SF01A-3C-PARADA101,2025-12-01,0.0
RS01SBPS-SF01A-3C-PARADA101,2025-12-08,0.0
RS01SBPS-SF01A-3C-PARADA101,2025-12-15,0.0
RS01SBPS-SF01A-3C-PARADA101,2025-12-22,0.0
RS01SBPS-SF01A-3C-PARADA101,2025-12-29,0.0
RS01SBPS-SF01A-3C-PARADA101,2026-01-05,0.0
RS01SBPS-SF01A-3C-PARADA101,2026-01-12,0.0
RS01SBPS-SF01A-3C-PARADA101,2026-01-19,0.0
RS01SBPS-SF01A-3C-PARADA101,2026-01-26,0.0
RS01SBPS-SF01A-3C-PARADA101,2026-02-02,0.0
RS01SBPS-SF01A-3C-PARADA101,2026-02-09,0.0
RS01SBPS-SF01A-3C-PARADA101,2026-02-16,0.0
RS01SBPS-SF01A-3C-PARADA101,2026-02-23,0.0
RS01SBPS-SF01A-3C-PARADA101,2026-03-02,0.0
RS01SBPS-SF01A-3C-PARADA101,2026-03-09,0.0
RS01SBPS-SF01A-3C-PARADA101,2026-03-16,0.0
RS01SBPS-SF01A-3C-PARADA101,2026-03-23,0.0
RS01SBPS-SF01A-3C-PARADA101,2026-03-30,0.0
RS01SBPS-SF01A-3C-PARADA101,2026-04-06,0.0
RS01SBPS-SF01A-3C-PARADA101,2026-04-13,0.0
RS01SBPS-SF01A-3C-PARADA101,2026-04-20,0.0
RS01SBPS-SF01A-3C-PARADA101,2026-04-27,0.0
RS01SBPS-SF01A-3C-PARADA101,2026-05-04,0.0
RS01SBPS-SF01A-3C-PARADA101,2026-05-11,0.0
RS01SBPS-SF01A-3C-PARADA101,2026-05-18,0.0
RS01SBPS-SF01A-3C-PARADA101,2026-05-25,0.0
RS01SBPS-SF01A-3C-PARADA101,2026-06-01,0.0
RS01SBPS-SF01A-3C-PARADA101,2026-06-08,0.0
RS01SBPS-SF01A-3C-PARADA101,2026-06-15,0.0
RS01SBPS-SF01A-3C-PARADA101,2026-06-22,0.0
RS01SBPS-SF01A-3D-SPKIRA101,2025-10-06,47.1
RS01SBPS-SF01A-3D-SPKIRA101,2025-10-13,45.3
RS01SBPS-SF01A-3D-SPKIRA101,2025-10-20,44.0
RS01SBPS-SF01A-3D-SPKIRA101,2025-10-27,41.9
RS01SBPS-SF01A-3D-SPKIRA101,2025-11-03,40.0
RS01SBPS-SF01A-3D-SPKIRA101,2025-11-10,37.9
RS01SBPS-SF01A-3D-SPKIRA101,2025-11-17,37.0
RS01SBPS-SF01A-3D-SPKIRA101,2025-11-24,38.4
RS01SBPS-SF01A-3D-SPKIRA101,2025-12-01,37.8
RS01SBPS-SF01A-3D-SPKIRA101,2025-12-08,38.1
RS01SBPS-SF01A-3D-SPKIRA101,2025-12-15,41.2
RS01SBPS-SF01A-3D-SPKIRA101,2025-12-22,42.2
RS01SBPS-SF01A-3D-SPKIRA101,2025-12-29,42.3
RS01SBPS-SF01A-3D-SPKIRA101,2026-01-05,43.6
RS01SBPS-SF01A-3D-SPKIRA101,2026-01-12,46.7
RS01SBPS-SF01A-3D-SPKIRA101,2026-01-19,43.0
RS01SBPS-SF01A-3D-SPKIRA101,2026-01-26,51.3
RS01SBPS-SF01A-3D-SPKIRA101,2026-02-02,49.9
RS01SBPS-SF01A-3D-SPKIRA101,2026-02-09,48.4
RS01SBPS-SF01A-3D-SPKIRA101,2026-02-16,46.6
RS01SBPS-SF01A-3D-SPKIRA101,2026-02-23,48.5
RS01SBPS-SF01A-3D-SPKIRA101,2026-03-02,48.3
RS01SBPS-SF01A-3D-SPKIRA101,2026-03-09,45.5
RS01SBPS-SF01A-3D-SPKIRA101,2026-03-16,44.7
RS01SBPS-SF01A-3D-SPKIRA101,2026-03-23,45.4
RS01SBPS-SF01A-3D-SPKIRA101,2026-03-30,47.8
RS01SBPS-SF01A-3D-SPKIRA101,2026-04-06,49.8
RS01SBPS-SF01A-3D-SPKIRA101,2026-04-13,50.1
RS01SBPS-SF01A-3D-SPKIRA101,2026-04-20,50.3
RS01SBPS-SF01A-3D-SPKIRA101,2026-04-27,52.0
RS01SBPS-SF01A-3D-SPKIRA101,2026-05-04,52.1
RS01SBPS-SF01A-3D-SPKIRA101,2026-05-11,49.1
RS01SBPS-SF01A-3D-SPKIRA101,2026-05-18,52.4
RS01SBPS-SF01A-3D-SPKIRA101,2026-05-25,51.5
RS01SBPS-SF01A-3D-SPKIRA101,2026-06-01,53.0
RS01SBPS-SF01A-3D-SPKIRA101,2026-06-08,52.3
RS01SBPS-SF01A-3D-SPKIRA101,2026-06-15,47.2
RS01SBPS-SF01A-3D-SPKIRA101,2026-06-22,49.0
RS01SBPS-SF01A-4A-NUTNRA101,2025-10-06,86.7
RS01SBPS-SF01A-4A-NUTNRA101,2025-10-13,96.7
RS01SBPS-SF01A-4A-NUTNRA101,2025-10-20,100.0
RS01SBPS-SF01A-4A-NUTNRA101,2025-10-27,100.0
RS01SBPS-SF01A-4A-NUTNRA101,2025-11-03,100.0
RS01SBPS-SF01A-4A-NUTNRA101,2025-11-10,100.0
RS01SBPS-SF01A-4A-NUTNRA101,2025-11-17,100.0
RS01SBPS-SF01A-4A-NUTNRA101,2025-11-24,100.0
RS01SBPS-SF01A-4A-NUTNRA101,2025-12-01,100.0
RS01SBPS-SF01A-4A-NUTNRA101,2025-12-08,100.0
RS01SBPS-SF01A-4A-NUTNRA101,2025-12-15,100.0
RS01SBPS-SF01A-4A-NUTNRA101,2025-12-22,100.0
RS01SBPS-SF01A-4A-NUTNRA101,2025-12-29,100.0
RS01SBPS-SF01A-4A-NUTNRA101,2026-01-05,100.0
RS01SBPS-SF01A-4A-NUTNRA101,2026-01-12,100.0
RS01SBPS-SF01A-4A-NUTNRA101,2026-01-19,98.7
RS01SBPS-SF01A-4A-NUTNRA101,2026-01-26,99.8
RS01SBPS-SF01A-4A-NUTNRA101,2026-02-02,100.0
RS01SBPS-SF01A-4A-NUTNRA101,2026-02-09,100.0
RS01SBPS-SF01A-4A-NUTNRA101,2026-02-16,100.0
RS01SBPS-SF01A-4A-NUTNRA101,2026-02-23,100.0
RS01SBPS-SF01A-4A-NUTNRA101,2026-03-02,99.3
RS01SBPS-SF01A-4A-NUTNRA101,2026-03-09,97.0
RS01SBPS-SF01A-4A-NUTNRA101,2026-03-16,96.1
RS01SBPS-SF01A-4A-NUTNRA101,2026-03-23,91.3
RS01SBPS-SF01A-4A-NUTNRA101,2026-03-30,92.7
RS01SBPS-SF01A-4A-NUTNRA101,2026-04-06,92.5
RS01SBPS-SF01A-4A-NUTNRA101,2026-04-13,97.1
RS01SBPS-SF01A-4A-NUTNRA101,2026-04-20,95.5
RS01SBPS-SF01A-4A-NUTNRA101,2026-04-27,94.9
RS01SBPS-SF01A-4A-NUTNRA101,2026-05-04,94.6
RS01SBPS-SF01A-4A-NUTNRA101,2026-05-11,95.3
RS01SBPS-SF01A-4A-NUTNRA101,2026-05-18,94.4
RS01SBPS-SF01A-4A-NUTNRA101,2026-05-25,92.1
RS01SBPS-SF01A-4A-NUTNRA101,2026-06-01,92.1
RS01SBPS-SF01A-4A-NUTNRA101,2026-06-08,93.7
RS01SBPS-SF01A-4A-NUTNRA101,2026-06-15,99.0
RS01SBPS-SF01A-4A-NUTNRA101,2026-06-22,99.8
RS01SBPS-SF01A-4F-PCO2WA101,2025-10-06,50.7
RS01SBPS-SF01A-4F-PCO2WA101,2025-10-13,46.8
RS01SBPS-SF01A-4F-PCO2WA101,2025-10-20,38.4
RS01SBPS-SF01A-4F-PCO2WA101,2025-10-27,38.4
RS01SBPS-SF01A-4F-PCO2WA101,2025-11-03,37.6
RS01SBPS-SF01A-4F-PCO2WA101,2025-11-10,42.7
RS01SBPS-SF01A-4F-PCO2WA101,2025-11-17,45.5
RS01SBPS-SF01A-4F-PCO2WA101,2025-11-24,48.2
RS01SBPS-SF01A-4F-PCO2WA101,2025-12-01,50.4
RS01SBPS-SF01A-4F-PCO2WA101,2025-12-08,50.2
RS01SBPS-SF01A-4F-PCO2WA101,2025-12-15,69.1
RS01SBPS-SF01A-4F-PCO2WA101,2025-12-22,52.2
RS01SBPS-SF01A-4F-PCO2WA101,2025-12-29,52.2
RS01SBPS-SF01A-4F-PCO2WA101,2026-01-05,52.3
RS01SBPS-SF01A-4F-PCO2WA101,2026-01-12,63.0
RS01SBPS-SF01A-4F-PCO2WA101,2026-01-19,52.4
RS01SBPS-SF01A-4F-PCO2WA101,2026-01-26,76.2
RS01SBPS-SF01A-4F-PCO2WA101,2026-02-02,76.8
RS01SBPS-SF01A-4F-PCO2WA101,2026-02-09,70.0
RS01SBPS-SF01A-4F-PCO2WA101,2026-02-16,63.5
RS01SBPS-SF01A-4F-PCO2WA101,2026-02-23,57.9
RS01SBPS-SF01A-4F-PCO2WA101,2026-03-02,63.5
RS01SBPS-SF01A-4F-PCO2WA101,2026-03-09,62.4
RS01SBPS-SF01A-4F-PCO2WA101,2026-03-16,53.7
RS01SBPS-SF01A-4F-PCO2WA101,2026-03-23,58.6
RS01SBPS-SF01A-4F-PCO2WA101,2026-03-30,53.9
RS01SBPS-SF01A-4F-PCO2WA101,2026-04-06,46.3
RS01SBPS-SF01A-4F-PCO2WA101,2026-04-13,63.9
RS01SBPS-SF01A-4F-PCO2WA101,2026-04-20,53.3
RS01SBPS-SF01A-4F-PCO2WA101,2026-04-27,53.3
RS01SBPS-SF01A-4F-PCO2WA101,2026-05-04,55.9
RS01SBPS-SF01A-4F-PCO2WA101,2026-05-11,35.6
RS01SBPS-SF01A-4F-PCO2WA101,2026-05-18,13.2
RS01SBPS-SF01A-4F-PCO2WA101,2026-05-25,8.5
RS01SBPS-SF01A-4F-PCO2WA101,2026-06-01,56.8
RS01SBPS-SF01A-4F-PCO2WA101,2026-06-08,64.0
RS01SBPS-SF01A-4F-PCO2WA101,2026-06-15,42.0
RS01SBPS-SF01A-4F-PCO2WA101,2026-06-22,71.7
RS01SLBS-LJ01A-11-OPTAAC103,2025-10-06,100.0
RS01SLBS-LJ01A-11-OPTAAC103,2025-10-13,100.0
RS01SLBS-LJ01A-11-OPTAAC103,2025-10-20,100.0
RS01SLBS-LJ01A-11-OPTAAC103,2025-10-27,100.0
RS01SLBS-LJ01A-11-OPTAAC103,2025-11-03,100.0
RS01SLBS-LJ01A-11-OPTAAC103,2025-11-10,100.0
RS01SLBS-LJ01A-11-OPTAAC103,2025-11-17,100.0
RS01SLBS-LJ01A-11-OPTAAC103,2025-11-24,100.0
RS01SLBS-LJ01A-11-OPTAAC103,2025-12-01,100.0
RS01SLBS-LJ01A-11-OPTAAC103,2025-12-08,100.0
RS01SLBS-LJ01A-11-OPTAAC103,2025-12-15,89.1
RS01SLBS-LJ01A-11-OPTAAC103,2025-12-22,88.5
RS01SLBS-LJ01A-11-OPTAAC103,2025-12-29,100.0
RS01SLBS-LJ01A-11-OPTAAC103,2026-01-05,100.0
RS01SLBS-LJ01A-11-OPTAAC103,2026-01-12,100.0
RS01SLBS-LJ01A-11-OPTAAC103,2026-01-19,100.0
RS01SLBS-LJ01A-11-OPTAAC103,2026-01-26,100.0
RS01SLBS-LJ01A-11-OPTAAC103,2026-02-02,100.0
RS01SLBS-LJ01A-11-OPTAAC103,2026-02-09,100.0
RS01SLBS-LJ01A-11-OPTAAC103,2026-02-16,100.0
RS01SLBS-LJ01A-11-OPTAAC103,2026-02-23,100.0
RS01SLBS-LJ01A-11-OPTAAC103,2026-03-02,100.0
RS01SLBS-LJ01A-11-OPTAAC103,2026-03-09,100.0
RS01SLBS-LJ01A-11-OPTAAC103,2026-03-16,100.0
RS01SLBS-LJ01A-11-OPTAAC103,2026-03-23,100.0
RS01SLBS-LJ01A-11-OPTAAC103,2026-03-30,100.0
RS01SLBS-LJ01A-11-OPTAAC103,2026-04-06,100.0
RS01SLBS-LJ01A-11-OPTAAC103,2026-04-13,100.0
RS01SLBS-LJ01A-11-OPTAAC103,2026-04-20,100.0
RS01SLBS-LJ01A-11-OPTAAC103,2026-04-27,100.0
RS01SLBS-LJ01A-11-OPTAAC103,2026-05-04,100.0
RS01SLBS-LJ01A-11-OPTAAC103,2026-05-11,100.0
RS01SLBS-LJ01A-11-OPTAAC103,2026-05-18,100.0
RS01SLBS-LJ01A-11-OPTAAC103,2026-05-25,100.0
RS01SLBS-LJ01A-11-OPTAAC103,2026-06-01,100.0
RS01SLBS-LJ01A-11-OPTAAC103,2026-06-08,100.0
RS01SLBS-LJ01A-11-OPTAAC103,2026-06-15,100.0
RS01SLBS-LJ01A-11-OPTAAC103,2026-06-22,100.0
RS01SLBS-LJ01A-11-OPTAAC103,2026-06-29,100.0
RS01SLBS-LJ01A-12-CTDPFB101,2025-10-06,100.0
RS01SLBS-LJ01A-12-CTDPFB101,2025-10-13,100.0
RS01SLBS-LJ01A-12-CTDPFB101,2025-10-20,100.0
RS01SLBS-LJ01A-12-CTDPFB101,2025-10-27,100.0
RS01SLBS-LJ01A-12-CTDPFB101,2025-11-03,100.0
RS01SLBS-LJ01A-12-CTDPFB101,2025-11-10,100.0
RS01SLBS-LJ01A-12-CTDPFB101,2025-11-17,100.0
RS01SLBS-LJ01A-12-CTDPFB101,2025-11-24,100.0
RS01SLBS-LJ01A-12-CTDPFB101,2025-12-01,100.0
RS01SLBS-LJ01A-12-CTDPFB101,2025-12-08,100.0
RS01SLBS-LJ01A-12-CTDPFB101,2025-12-15,100.0
RS01SLBS-LJ01A-12-CTDPFB101,2025-12-22,100.0
RS01SLBS-LJ01A-12-CTDPFB101,2025-12-29,100.0
RS01SLBS-LJ01A-12-CTDPFB101,2026-01-05,100.0
RS01SLBS-LJ01A-12-CTDPFB101,2026-01-12,100.0
RS01SLBS-LJ01A-12-CTDPFB101,2026-01-19,100.0
RS01SLBS-LJ01A-12-CTDPFB101,2026-01-26,100.0
RS01SLBS-LJ01A-12-CTDPFB101,2026-02-02,100.0
RS01SLBS-LJ01A-12-CTDPFB101,2026-02-09,100.0
RS01SLBS-LJ01A-12-CTDPFB101,2026-02-16,100.0
RS01SLBS-LJ01A-12-CTDPFB101,2026-02-23,100.0
RS01SLBS-LJ01A-12-CTDPFB101,2026-03-02,100.0
RS01SLBS-LJ01A-12-CTDPFB101,2026-03-09,100.0
RS01SLBS-LJ01A-12-CTDPFB101,2026-03-16,100.0
RS01SLBS-LJ01A-12-CTDPFB101,2026-03-23,100.0
RS01SLBS-LJ01A-12-CTDPFB101,2026-03-30,100.0
RS01SLBS-LJ01A-12-CTDPFB101,2026-04-06,100.0
RS01SLBS-LJ01A-12-CTDPFB101,2026-04-13,100.0
RS01SLBS-LJ01A-12-CTDPFB101,2026-04-20,100.0
RS01SLBS-LJ01A-12-CTDPFB101,2026-04-27,100.0
RS01SLBS-LJ01A-12-CTDPFB101,2026-05-04,100.0
RS01SLBS-LJ01A-12-CTDPFB101,2026-05-11,100.0
RS01SLBS-LJ01A-12-CTDPFB101,2026-05-18,100.0
RS01SLBS-LJ01A-12-CTDPFB101,2026-05-25,100.0
RS01SLBS-LJ01A-12-CTDPFB101,2026-06-01,100.0
RS01SLBS-LJ01A-12-CTDPFB101,2026-06-08,100.0
RS01SLBS-LJ01A-12-CTDPFB101,2026-06-15,100.0
RS01SLBS-LJ01A-12-CTDPFB101,2026-06-22,100.0
RS01SLBS-LJ01A-12-CTDPFB101,2026-06-29,100.0
RS01SLBS-MJ01A-06-PRESTA101,2025-10-06,100.0
RS01SLBS-MJ01A-06-PRESTA101,2025-10-13,100.0
RS01SLBS-MJ01A-06-PRESTA101,2025-10-20,100.0
RS01SLBS-MJ01A-06-PRESTA101,2025-10-27,100.0
RS01SLBS-MJ01A-06-PRESTA101,2025-11-03,100.0
RS01SLBS-MJ01A-06-PRESTA101,2025-11-10,100.0
RS01SLBS-MJ01A-06-PRESTA101,2025-11-17,100.0
RS01SLBS-MJ01A-06-PRESTA101,2025-11-24,100.0
RS01SLBS-MJ01A-06-PRESTA101,2025-12-01,100.0
RS01SLBS-MJ01A-06-PRESTA101,2025-12-08,100.0
RS01SLBS-MJ01A-06-PRESTA101,2025-12-15,100.0
RS01SLBS-MJ01A-06-PRESTA101,2025-12-22,100.0
RS01SLBS-MJ01A-06-PRESTA101,2025-12-29,100.0
RS01SLBS-MJ01A-06-PRESTA101,2026-01-05,100.0
RS01SLBS-MJ01A-06-PRESTA101,2026-01-12,100.0
RS01SLBS-MJ01A-06-PRESTA101,2026-01-19,100.0
RS01SLBS-MJ01A-06-PRESTA101,2026-01-26,100.0
RS01SLBS-MJ01A-06-PRESTA101,2026-02-02,100.0
RS01SLBS-MJ01A-06-PRESTA101,2026-02-09,100.0
RS01SLBS-MJ01A-06-PRESTA101,2026-02-16,100.0
RS01SLBS-MJ01A-06-PRESTA101,2026-02-23,100.0
RS01SLBS-MJ01A-06-PRESTA101,2026-03-02,100.0
RS01SLBS-MJ01A-06-PRESTA101,2026-03-09,100.0
RS01SLBS-MJ01A-06-PRESTA101,2026-03-16,100.0
RS01SLBS-MJ01A-06-PRESTA101,2026-03-23,100.0
RS01SLBS-MJ01A-06-PRESTA101,2026-03-30,100.0
RS01SLBS-MJ01A-06-PRESTA101,2026-04-06,100.0
RS01SLBS-MJ01A-06-PRESTA101,2026-04-13,100.0
RS01SLBS-MJ01A-06-PRESTA101,2026-04-20,100.0
RS01SLBS-MJ01A-06-PRESTA101,2026-04-27,100.0
RS01SLBS-MJ01A-06-PRESTA101,2026-05-04,100.0
RS01SLBS-MJ01A-06-PRESTA101,2026-05-11,100.0
RS01SLBS-MJ01A-06-PRESTA101,2026-05-18,100.0
RS01SLBS-MJ01A-06-PRESTA101,2026-05-25,100.0
RS01SLBS-MJ01A-06-PRESTA101,2026-06-01,100.0
RS01SLBS-MJ01A-06-PRESTA101,2026-06-08,100.0
RS01SLBS-MJ01A-06-PRESTA101,2026-06-15,100.0
RS01SLBS-MJ01A-06-PRESTA101,2026-06-22,100.0
RS01SLBS-MJ01A-06-PRESTA101,2026-06-29,100.0
RS01SLBS-MJ01A-12-VEL3DB101,2025-10-06,99.5
RS01SLBS-MJ01A-12-VEL3DB101,2025-10-13,100.0
RS01SLBS-MJ01A-12-VEL3DB101,2025-10-20,100.0
RS01SLBS-MJ01A-12-VEL3DB101,2025-10-27,100.0
RS01SLBS-MJ01A-12-VEL3DB101,2025-11-03,100.0
RS01SLBS-MJ01A-12-VEL3DB101,2025-11-10,100.0
RS01SLBS-MJ01A-12-VEL3DB101,2025-11-17,100.0
RS01SLBS-MJ01A-12-VEL3DB101,2025-11-24,100.0
RS01SLBS-MJ01A-12-VEL3DB101,2025-12-01,100.0
RS01SLBS-MJ01A-12-VEL3DB101,2025-12-08,100.0
RS01SLBS-MJ01A-12-VEL3DB101,2025-12-15,100.0
RS01SLBS-MJ01A-12-VEL3DB101,2025-12-22,100.0
RS01SLBS-MJ01A-12-VEL3DB101,2025-12-29,100.0
RS01SLBS-MJ01A-12-VEL3DB101,2026-01-05,100.0
RS01SLBS-MJ01A-12-VEL3DB101,2026-01-12,100.0
RS01SLBS-MJ01A-12-VEL3DB101,2026-01-19,100.0
RS01SLBS-MJ01A-12-VEL3DB101,2026-01-26,100.0
RS01SLBS-MJ01A-12-VEL3DB101,2026-02-02,100.0
RS01SLBS-MJ01A-12-VEL3DB101,2026-02-09,100.0
RS01SLBS-MJ01A-12-VEL3DB101,2026-02-16,100.0
RS01SLBS-MJ01A-12-VEL3DB101,2026-02-23,100.0
RS01SLBS-MJ01A-12-VEL3DB101,2026-03-02,100.0
RS01SLBS-MJ01A-12-VEL3DB101,2026-03-09,100.0
RS01SLBS-MJ01A-12-VEL3DB101,2026-03-16,100.0
RS01SLBS-MJ01A-12-VEL3DB101,2026-03-23,100.0
RS01SLBS-MJ01A-12-VEL3DB101,2026-03-30,100.0
RS01SLBS-MJ01A-12-VEL3DB101,2026-04-06,99.9
RS01SLBS-MJ01A-12-VEL3DB101,2026-04-13,100.0
RS01SLBS-MJ01A-12-VEL3DB101,2026-04-20,100.0
RS01SLBS-MJ01A-12-VEL3DB101,2026-04-27,100.0
RS01SLBS-MJ01A-12-VEL3DB101,2026-05-04,100.0
RS01SLBS-MJ01A-12-VEL3DB101,2026-05-11,99.8
RS01SLBS-MJ01A-12-VEL3DB101,2026-05-18,99.2
RS01SLBS-MJ01A-12-VEL3DB101,2026-05-25,100.0
RS01SLBS-MJ01A-12-VEL3DB101,2026-06-01,100.0
RS01SLBS-MJ01A-12-VEL3DB101,2026-06-08,100.0
RS01SLBS-MJ01A-12-VEL3DB101,2026-06-15,100.0
RS01SLBS-MJ01A-12-VEL3DB101,2026-06-22,100.0
RS01SLBS-MJ01A-12-VEL3DB101,2026-06-29,100.0
RS01SUM1-LJ01B-09-PRESTB102,2025-10-06,100.0
RS01SUM1-LJ01B-09-PRESTB102,2025-10-13,100.0
RS01SUM1-LJ01B-09-PRESTB102,2025-10-20,100.0
RS01SUM1-LJ01B-09-PRESTB102,2025-10-27,100.0
RS01SUM1-LJ01B-09-PRESTB102,2025-11-03,100.0
RS01SUM1-LJ01B-09-PRESTB102,2025-11-10,100.0
RS01SUM1-LJ01B-09-PRESTB102,2025-11-17,100.0
RS01SUM1-LJ01B-09-PRESTB102,2025-11-24,100.0
RS01SUM1-LJ01B-09-PRESTB102,2025-12-01,100.0
RS01SUM1-LJ01B-09-PRESTB102,2025-12-08,100.0
RS01SUM1-LJ01B-09-PRESTB102,2025-12-15,100.0
RS01SUM1-LJ01B-09-PRESTB102,2025-12-22,100.0
RS01SUM1-LJ01B-09-PRESTB102,2025-12-29,100.0
RS01SUM1-LJ01B-09-PRESTB102,2026-01-05,100.0
RS01SUM1-LJ01B-09-PRESTB102,2026-01-12,100.0
RS01SUM1-LJ01B-09-PRESTB102,2026-01-19,100.0
RS01SUM1-LJ01B-09-PRESTB102,2026-01-26,100.0
RS01SUM1-LJ01B-09-PRESTB102,2026-02-02,100.0
RS01SUM1-LJ01B-09-PRESTB102,2026-02-09,100.0
RS01SUM1-LJ01B-09-PRESTB102,2026-02-16,100.0
RS01SUM1-LJ01B-09-PRESTB102,2026-02-23,100.0
RS01SUM1-LJ01B-09-PRESTB102,2026-03-02,100.0
RS01SUM1-LJ01B-09-PRESTB102,2026-03-09,100.0
RS01SUM1-LJ01B-09-PRESTB102,2026-03-16,100.0
RS01SUM1-LJ01B-09-PRESTB102,2026-03-23,100.0
RS01SUM1-LJ01B-09-PRESTB102,2026-03-30,100.0
RS01SUM1-LJ01B-09-PRESTB102,2026-04-06,100.0
RS01SUM1-LJ01B-09-PRESTB102,2026-04-13,100.0
RS01SUM1-LJ01B-09-PRESTB102,2026-04-20,100.0
RS01SUM1-LJ01B-09-PRESTB102,2026-04-27,100.0
RS01SUM1-LJ01B-09-PRESTB102,2026-05-04,100.0
RS01SUM1-LJ01B-09-PRESTB102,2026-05-11,100.0
RS01SUM1-LJ01B-09-PRESTB102,2026-05-18,100.0
RS01SUM1-LJ01B-09-PRESTB102,2026-05-25,100.0
RS01SUM1-LJ01B-09-PRESTB102,2026-06-01,100.0
RS01SUM1-LJ01B-09-PRESTB102,2026-06-08,100.0
RS01SUM1-LJ01B-09-PRESTB102,2026-06-15,100.0
RS01SUM1-LJ01B-09-PRESTB102,2026-06-22,100.0
RS01SUM1-LJ01B-09-PRESTB102,2026-06-29,100.0
RS01SUM1-LJ01B-12-VEL3DB104,2025-10-06,100.0
RS01SUM1-LJ01B-12-VEL3DB104,2025-10-13,100.0
RS01SUM1-LJ01B-12-VEL3DB104,2025-10-20,100.0
RS01SUM1-LJ01B-12-VEL3DB104,2025-10-27,100.0
RS01SUM1-LJ01B-12-VEL3DB104,2025-11-03,100.0
RS01SUM1-LJ01B-12-VEL3DB104,2025-11-10,100.0
RS01SUM1-LJ01B-12-VEL3DB104,2025-11-17,100.0
RS01SUM1-LJ01B-12-VEL3DB104,2025-11-24,100.0
RS01SUM1-LJ01B-12-VEL3DB104,2025-12-01,100.0
RS01SUM1-LJ01B-12-VEL3DB104,2025-12-08,100.0
RS01SUM1-LJ01B-12-VEL3DB104,2025-12-15,99.7
RS01SUM1-LJ01B-12-VEL3DB104,2025-12-22,100.0
RS01SUM1-LJ01B-12-VEL3DB104,2025-12-29,100.0
RS01SUM1-LJ01B-12-VEL3DB104,2026-01-05,99.9
RS01SUM1-LJ01B-12-VEL3DB104,2026-01-12,100.0
RS01SUM1-LJ01B-12-VEL3DB104,2026-01-19,100.0
RS01SUM1-LJ01B-12-VEL3DB104,2026-01-26,100.0
RS01SUM1-LJ01B-12-VEL3DB104,2026-02-02,100.0
RS01SUM1-LJ01B-12-VEL3DB104,2026-02-09,99.9
RS01SUM1-LJ01B-12-VEL3DB104,2026-02-16,99.7
RS01SUM1-LJ01B-12-VEL3DB104,2026-02-23,100.0
RS01SUM1-LJ01B-12-VEL3DB104,2026-03-02,99.9
RS01SUM1-LJ01B-12-VEL3DB104,2026-03-09,100.0
RS01SUM1-LJ01B-12-VEL3DB104,2026-03-16,100.0
RS01SUM1-LJ01B-12-VEL3DB104,2026-03-23,100.0
RS01SUM1-LJ01B-12-VEL3DB104,2026-03-30,100.0
RS01SUM1-LJ01B-12-VEL3DB104,2026-04-06,99.5
RS01SUM1-LJ01B-12-VEL3DB104,2026-04-13,100.0
RS01SUM1-LJ01B-12-VEL3DB104,2026-04-20,100.0
RS01SUM1-LJ01B-12-VEL3DB104,2026-04-27,100.0
RS01SUM1-LJ01B-12-VEL3DB104,2026-05-04,100.0
RS01SUM1-LJ01B-12-VEL3DB104,2026-05-11,100.0
RS01SUM1-LJ01B-12-VEL3DB104,2026-05-18,100.0
RS01SUM1-LJ01B-12-VEL3DB104,2026-05-25,100.0
RS01SUM1-LJ01B-12-VEL3DB104,2026-06-01,100.0
RS01SUM1-LJ01B-12-VEL3DB104,2026-06-08,100.0
RS01SUM1-LJ01B-12-VEL3DB104,2026-06-15,100.0
RS01SUM1-LJ01B-12-VEL3DB104,2026-06-22,100.0
RS01SUM1-LJ01B-12-VEL3DB104,2026-06-29,99.9
RS01SUM2-MJ01B-12-ADCPSK101,2025-10-06,100.0
RS01SUM2-MJ01B-12-ADCPSK101,2025-10-13,100.0
RS01SUM2-MJ01B-12-ADCPSK101,2025-10-20,100.0
RS01SUM2-MJ01B-12-ADCPSK101,2025-10-27,100.0
RS01SUM2-MJ01B-12-ADCPSK101,2025-11-03,100.0
RS01SUM2-MJ01B-12-ADCPSK101,2025-11-10,100.0
RS01SUM2-MJ01B-12-ADCPSK101,2025-11-17,100.0
RS01SUM2-MJ01B-12-ADCPSK101,2025-11-24,100.0
RS01SUM2-MJ01B-12-ADCPSK101,2025-12-01,100.0
RS01SUM2-MJ01B-12-ADCPSK101,2025-12-08,100.0
RS01SUM2-MJ01B-12-ADCPSK101,2025-12-15,100.0
RS01SUM2-MJ01B-12-ADCPSK101,2025-12-22,100.0
RS01SUM2-MJ01B-12-ADCPSK101,2025-12-29,100.0
RS01SUM2-MJ01B-12-ADCPSK101,2026-01-05,100.0
RS01SUM2-MJ01B-12-ADCPSK101,2026-01-12,100.0
RS01SUM2-MJ01B-12-ADCPSK101,2026-01-19,100.0
RS01SUM2-MJ01B-12-ADCPSK101,2026-01-26,100.0
RS01SUM2-MJ01B-12-ADCPSK101,2026-02-02,100.0
RS01SUM2-MJ01B-12-ADCPSK101,2026-02-09,100.0
RS01SUM2-MJ01B-12-ADCPSK101,2026-02-16,100.0
RS01SUM2-MJ01B-12-ADCPSK101,2026-02-23,100.0
RS01SUM2-MJ01B-12-ADCPSK101,2026-03-02,100.0
RS01SUM2-MJ01B-12-ADCPSK101,2026-03-09,100.0
RS01SUM2-MJ01B-12-ADCPSK101,2026-03-16,100.0
RS01SUM2-MJ01B-12-ADCPSK101,2026-03-23,100.0
RS01SUM2-MJ01B-12-ADCPSK101,2026-03-30,100.0
RS01SUM2-MJ01B-12-ADCPSK101,2026-04-06,100.0
RS01SUM2-MJ01B-12-ADCPSK101,2026-04-13,100.0
RS01SUM2-MJ01B-12-ADCPSK101,2026-04-20,100.0
RS01SUM2-MJ01B-12-ADCPSK101,2026-04-27,100.0
RS01SUM2-MJ01B-12-ADCPSK101,2026-05-04,100.0
RS01SUM2-MJ01B-12-ADCPSK101,2026-05-11,100.0
RS01SUM2-MJ01B-12-ADCPSK101,2026-05-18,100.0
RS01SUM2-MJ01B-12-ADCPSK101,2026-05-25,100.0
RS01SUM2-MJ01B-12-ADCPSK101,2026-06-01,100.0
RS01SUM2-MJ01B-12-ADCPSK101,2026-06-08,100.0
RS01SUM2-MJ01B-12-ADCPSK101,2026-06-15,100.0
RS01SUM2-MJ01B-12-ADCPSK101,2026-06-22,100.0
RS01SUM2-MJ01B-12-ADCPSK101,2026-06-29,100.0
RS03ASHS-MJ03B-07-TMPSFA301,2025-10-06,100.0
RS03ASHS-MJ03B-07-TMPSFA301,2025-10-13,100.0
RS03ASHS-MJ03B-07-TMPSFA301,2025-10-20,100.0
RS03ASHS-MJ03B-07-TMPSFA301,2025-10-27,100.0
RS03ASHS-MJ03B-07-TMPSFA301,2025-11-03,100.0
RS03ASHS-MJ03B-07-TMPSFA301,2025-11-10,100.0
RS03ASHS-MJ03B-07-TMPSFA301,2025-11-17,100.0
RS03ASHS-MJ03B-07-TMPSFA301,2025-11-24,100.0
RS03ASHS-MJ03B-07-TMPSFA301,2025-12-01,100.0
RS03ASHS-MJ03B-07-TMPSFA301,2025-12-08,100.0
RS03ASHS-MJ03B-07-TMPSFA301,2025-12-15,100.0
RS03ASHS-MJ03B-07-TMPSFA301,2025-12-22,100.0
RS03ASHS-MJ03B-07-TMPSFA301,2025-12-29,100.0
RS03ASHS-MJ03B-07-TMPSFA301,2026-01-05,100.0
RS03ASHS-MJ03B-07-TMPSFA301,2026-01-12,100.0
RS03ASHS-MJ03B-07-TMPSFA301,2026-01-19,100.0
RS03ASHS-MJ03B-07-TMPSFA301,2026-01-26,100.0
RS03ASHS-MJ03B-07-TMPSFA301,2026-02-02,100.0
RS03ASHS-MJ03B-07-TMPSFA301,2026-02-09,100.0
RS03ASHS-MJ03B-07-TMPSFA301,2026-02-16,100.0
RS03ASHS-MJ03B-07-TMPSFA301,2026-02-23,100.0
RS03ASHS-MJ03B-07-TMPSFA301,2026-03-02,100.0
RS03ASHS-MJ03B-07-TMPSFA301,2026-03-09,100.0
RS03ASHS-MJ03B-07-TMPSFA301,2026-03-16,100.0
RS03ASHS-MJ03B-07-TMPSFA301,2026-03-23,100.0
RS03ASHS-MJ03B-07-TMPSFA301,2026-03-30,100.0
RS03ASHS-MJ03B-07-TMPSFA301,2026-04-06,100.0
RS03ASHS-MJ03B-07-TMPSFA301,2026-04-13,100.0
RS03ASHS-MJ03B-07-TMPSFA301,2026-04-20,100.0
RS03ASHS-MJ03B-07-TMPSFA301,2026-04-27,100.0
RS03ASHS-MJ03B-07-TMPSFA301,2026-05-04,100.0
RS03ASHS-MJ03B-07-TMPSFA301,2026-05-11,100.0
RS03ASHS-MJ03B-07-TMPSFA301,2026-05-18,100.0
RS03ASHS-MJ03B-07-TMPSFA301,2026-05-25,100.0
RS03ASHS-MJ03B-07-TMPSFA301,2026-06-01,100.0
RS03ASHS-MJ03B-07-TMPSFA301,2026-06-08,100.0
RS03ASHS-MJ03B-07-TMPSFA301,2026-06-15,100.0
RS03ASHS-MJ03B-07-TMPSFA301,2026-06-22,100.0
RS03ASHS-MJ03B-07-TMPSFA301,2026-06-29,100.0
RS03ASHS-MJ03B-10-CTDPFB304,2025-10-06,100.0
RS03ASHS-MJ03B-10-CTDPFB304,2025-10-13,100.0
RS03ASHS-MJ03B-10-CTDPFB304,2025-10-20,100.0
RS03ASHS-MJ03B-10-CTDPFB304,2025-10-27,100.0
RS03ASHS-MJ03B-10-CTDPFB304,2025-11-03,100.0
RS03ASHS-MJ03B-10-CTDPFB304,2025-11-10,100.0
RS03ASHS-MJ03B-10-CTDPFB304,2025-11-17,100.0
RS03ASHS-MJ03B-10-CTDPFB304,2025-11-24,100.0
RS03ASHS-MJ03B-10-CTDPFB304,2025-12-01,100.0
RS03ASHS-MJ03B-10-CTDPFB304,2025-12-08,100.0
RS03ASHS-MJ03B-10-CTDPFB304,2025-12-15,100.0
RS03ASHS-MJ03B-10-CTDPFB304,2025-12-22,100.0
RS03ASHS-MJ03B-10-CTDPFB304,2025-12-29,100.0
RS03ASHS-MJ03B-10-CTDPFB304,2026-01-05,100.0
RS03ASHS-MJ03B-10-CTDPFB304,2026-01-12,100.0
RS03ASHS-MJ03B-10-CTDPFB304,2026-01-19,100.0
RS03ASHS-MJ03B-10-CTDPFB304,2026-01-26,100.0
RS03ASHS-MJ03B-10-CTDPFB304,2026-02-02,100.0
RS03ASHS-MJ03B-10-CTDPFB304,2026-02-09,100.0
RS03ASHS-MJ03B-10-CTDPFB304,2026-02-16,100.0
RS03ASHS-MJ03B-10-CTDPFB304,2026-02-23,100.0
RS03ASHS-MJ03B-10-CTDPFB304,2026-03-02,100.0
RS03ASHS-MJ03B-10-CTDPFB304,2026-03-09,100.0
RS03ASHS-MJ03B-10-CTDPFB304,2026-03-16,100.0
RS03ASHS-MJ03B-10-CTDPFB304,2026-03-23,100.0
RS03ASHS-MJ03B-10-CTDPFB304,2026-03-30,100.0
RS03ASHS-MJ03B-10-CTDPFB304,2026-04-06,100.0
RS03ASHS-MJ03B-10-CTDPFB304,2026-04-13,100.0
RS03ASHS-MJ03B-10-CTDPFB304,2026-04-20,100.0
RS03ASHS-MJ03B-10-CTDPFB304,2026-04-27,100.0
RS03ASHS-MJ03B-10-CTDPFB304,2026-05-04,100.0
RS03ASHS-MJ03B-10-CTDPFB304,2026-05-11,100.0
RS03ASHS-MJ03B-10-CTDPFB304,2026-05-18,100.0
RS03ASHS-MJ03B-10-CTDPFB304,2026-05-25,100.0
RS03ASHS-MJ03B-10-CTDPFB304,2026-06-01,100.0
RS03ASHS-MJ03B-10-CTDPFB304,2026-06-08,100.0
RS03ASHS-MJ03B-10-CTDPFB304,2026-06-15,100.0
RS03ASHS-MJ03B-10-CTDPFB304,2026-06-22,100.0
RS03ASHS-MJ03B-10-CTDPFB304,2026-06-29,100.0
RS03AXBS-LJ03A-10-ADCPTE303,2025-10-06,100.0
RS03AXBS-LJ03A-10-ADCPTE303,2025-10-13,100.0
RS03AXBS-LJ03A-10-ADCPTE303,2025-10-20,100.0
RS03AXBS-LJ03A-10-ADCPTE303,2025-10-27,100.0
RS03AXBS-LJ03A-10-ADCPTE303,2025-11-03,100.0
RS03AXBS-LJ03A-10-ADCPTE303,2025-11-10,100.0
RS03AXBS-LJ03A-10-ADCPTE303,2025-11-17,100.0
RS03AXBS-LJ03A-10-ADCPTE303,2025-11-24,100.0
RS03AXBS-LJ03A-10-ADCPTE303,2025-12-01,100.0
RS03AXBS-LJ03A-10-ADCPTE303,2025-12-08,100.0
RS03AXBS-LJ03A-10-ADCPTE303,2025-12-15,100.0
RS03AXBS-LJ03A-10-ADCPTE303,2025-12-22,100.0
RS03AXBS-LJ03A-10-ADCPTE303,2025-12-29,100.0
RS03AXBS-LJ03A-10-ADCPTE303,2026-01-05,100.0
RS03AXBS-LJ03A-10-ADCPTE303,2026-01-12,100.0
RS03AXBS-LJ03A-10-ADCPTE303,2026-01-19,100.0
RS03AXBS-LJ03A-10-ADCPTE303,2026-01-26,100.0
RS03AXBS-LJ03A-10-ADCPTE303,2026-02-02,100.0
RS03AXBS-LJ03A-10-ADCPTE303,2026-02-09,100.0
RS03AXBS-LJ03A-10-ADCPTE303,2026-02-16,100.0
RS03AXBS-LJ03A-10-ADCPTE303,2026-02-23,100.0
RS03AXBS-LJ03A-10-ADCPTE303,2026-03-02,100.0
RS03AXBS-LJ03A-10-ADCPTE303,2026-03-09,100.0
RS03AXBS-LJ03A-10-ADCPTE303,2026-03-16,100.0
RS03AXBS-LJ03A-10-ADCPTE303,2026-03-23,100.0
RS03AXBS-LJ03A-10-ADCPTE303,2026-03-30,100.0
RS03AXBS-LJ03A-10-ADCPTE303,2026-04-06,100.0
RS03AXBS-LJ03A-10-ADCPTE303,2026-04-13,100.0
RS03AXBS-LJ03A-10-ADCPTE303,2026-04-20,100.0
RS03AXBS-LJ03A-10-ADCPTE303,2026-04-27,100.0
RS03AXBS-LJ03A-10-ADCPTE303,2026-05-04,100.0
RS03AXBS-LJ03A-10-ADCPTE303,2026-05-11,100.0
RS03AXBS-LJ03A-10-ADCPTE303,2026-05-18,100.0
RS03AXBS-LJ03A-10-ADCPTE303,2026-05-25,100.0
RS03AXBS-LJ03A-10-ADCPTE303,2026-06-01,100.0
RS03AXBS-LJ03A-10-ADCPTE303,2026-06-08,100.0
RS03AXBS-LJ03A-10-ADCPTE303,2026-06-15,100.0
RS03AXBS-LJ03A-10-ADCPTE303,2026-06-22,100.0
RS03AXBS-LJ03A-10-ADCPTE303,2026-06-29,100.0
RS03AXBS-LJ03A-12-CTDPFB301,2025-10-06,100.0
RS03AXBS-LJ03A-12-CTDPFB301,2025-10-13,100.0
RS03AXBS-LJ03A-12-CTDPFB301,2025-10-20,100.0
RS03AXBS-LJ03A-12-CTDPFB301,2025-10-27,100.0
RS03AXBS-LJ03A-12-CTDPFB301,2025-11-03,100.0
RS03AXBS-LJ03A-12-CTDPFB301,2025-11-10,100.0
RS03AXBS-LJ03A-12-CTDPFB301,2025-11-17,100.0
RS03AXBS-LJ03A-12-CTDPFB301,2025-11-24,100.0
RS03AXBS-LJ03A-12-CTDPFB301,2025-12-01,100.0
RS03AXBS-LJ03A-12-CTDPFB301,2025-12-08,100.0
RS03AXBS-LJ03A-12-CTDPFB301,2025-12-15,100.0
RS03AXBS-LJ03A-12-CTDPFB301,2025-12-22,100.0
RS03AXBS-LJ03A-12-CTDPFB301,2025-12-29,100.0
RS03AXBS-LJ03A-12-CTDPFB301,2026-01-05,100.0
RS03AXBS-LJ03A-12-CTDPFB301,2026-01-12,100.0
RS03AXBS-LJ03A-12-CTDPFB301,2026-01-19,100.0
RS03AXBS-LJ03A-12-CTDPFB301,2026-01-26,100.0
RS03AXBS-LJ03A-12-CTDPFB301,2026-02-02,100.0
RS03AXBS-LJ03A-12-CTDPFB301,2026-02-09,100.0
RS03AXBS-LJ03A-12-CTDPFB301,2026-02-16,100.0
RS03AXBS-LJ03A-12-CTDPFB301,2026-02-23,100.0
RS03AXBS-LJ03A-12-CTDPFB301,2026-03-02,100.0
RS03AXBS-LJ03A-12-CTDPFB301,2026-03-09,100.0
RS03AXBS-LJ03A-12-CTDPFB301,2026-03-16,100.0
RS03AXBS-LJ03A-12-CTDPFB301,2026-03-23,100.0
RS03AXBS-LJ03A-12-CTDPFB301,2026-03-30,100.0
RS03AXBS-LJ03A-12-CTDPFB301,2026-04-06,100.0
RS03AXBS-LJ03A-12-CTDPFB301,2026-04-13,100.0
RS03AXBS-LJ03A-12-CTDPFB301,2026-04-20,100.0
RS03AXBS-LJ03A-12-CTDPFB301,2026-04-27,100.0
RS03AXBS-LJ03A-12-CTDPFB301,2026-05-04,100.0
RS03AXBS-LJ03A-12-CTDPFB301,2026-05-11,100.0
RS03AXBS-LJ03A-12-CTDPFB301,2026-05-18,100.0
RS03AXBS-LJ03A-12-CTDPFB301,2026-05-25,100.0
RS03AXBS-LJ03A-12-CTDPFB301,2026-06-01,100.0
RS03AXBS-LJ03A-12-CTDPFB301,2026-06-08,100.0
RS03AXBS-LJ03A-12-CTDPFB301,2026-06-15,100.0
RS03AXBS-LJ03A-12-CTDPFB301,2026-06-22,100.0
RS03AXBS-MJ03A-06-PRESTA301,2025-10-06,100.0
RS03AXBS-MJ03A-06-PRESTA301,2025-10-13,100.0
RS03AXBS-MJ03A-06-PRESTA301,2025-10-20,100.0
RS03AXBS-MJ03A-06-PRESTA301,2025-10-27,100.0
RS03AXBS-MJ03A-06-PRESTA301,2025-11-03,100.0
RS03AXBS-MJ03A-06-PRESTA301,2025-11-10,100.0
RS03AXBS-MJ03A-06-PRESTA301,2025-11-17,100.0
RS03AXBS-MJ03A-06-PRESTA301,2025-11-24,100.0
RS03AXBS-MJ03A-06-PRESTA301,2025-12-01,100.0
RS03AXBS-MJ03A-06-PRESTA301,2025-12-08,100.0
RS03AXBS-MJ03A-06-PRESTA301,2025-12-15,100.0
RS03AXBS-MJ03A-06-PRESTA301,2025-12-22,100.0
RS03AXBS-MJ03A-06-PRESTA301,2025-12-29,100.0
RS03AXBS-MJ03A-06-PRESTA301,2026-01-05,100.0
RS03AXBS-MJ03A-06-PRESTA301,2026-01-12,100.0
RS03AXBS-MJ03A-06-PRESTA301,2026-01-19,100.0
RS03AXBS-MJ03A-06-PRESTA301,2026-01-26,100.0
RS03AXBS-MJ03A-06-PRESTA301,2026-02-02,100.0
RS03AXBS-MJ03A-06-PRESTA301,2026-02-09,100.0
RS03AXBS-MJ03A-06-PRESTA301,2026-02-16,100.0
RS03AXBS-MJ03A-06-PRESTA301,2026-02-23,100.0
RS03AXBS-MJ03A-06-PRESTA301,2026-03-02,100.0
RS03AXBS-MJ03A-06-PRESTA301,2026-03-09,100.0
RS03AXBS-MJ03A-06-PRESTA301,2026-03-16,100.0
RS03AXBS-MJ03A-06-PRESTA301,2026-03-23,100.0
RS03AXBS-MJ03A-06-PRESTA301,2026-03-30,100.0
RS03AXBS-MJ03A-06-PRESTA301,2026-04-06,100.0
RS03AXBS-MJ03A-06-PRESTA301,2026-04-13,100.0
RS03AXBS-MJ03A-06-PRESTA301,2026-04-20,100.0
RS03AXBS-MJ03A-06-PRESTA301,2026-04-27,100.0
RS03AXBS-MJ03A-06-PRESTA301,2026-05-04,100.0
RS03AXBS-MJ03A-06-PRESTA301,2026-05-11,100.0
RS03AXBS-MJ03A-06-PRESTA301,2026-05-18,100.0
RS03AXBS-MJ03A-06-PRESTA301,2026-05-25,100.0
RS03AXBS-MJ03A-06-PRESTA301,2026-06-01,100.0
RS03AXBS-MJ03A-06-PRESTA301,2026-06-08,100.0
RS03AXBS-MJ03A-06-PRESTA301,2026-06-15,100.0
RS03AXBS-MJ03A-06-PRESTA301,2026-06-22,100.0
RS03AXBS-MJ03A-12-VEL3DB301,2025-10-06,100.0
RS03AXBS-MJ03A-12-VEL3DB301,2025-10-13,100.0
RS03AXBS-MJ03A-12-VEL3DB301,2025-10-20,100.0
RS03AXBS-MJ03A-12-VEL3DB301,2025-10-27,100.0
RS03AXBS-MJ03A-12-VEL3DB301,2025-11-03,100.0
RS03AXBS-MJ03A-12-VEL3DB301,2025-11-10,100.0
RS03AXBS-MJ03A-12-VEL3DB301,2025-11-17,99.7
RS03AXBS-MJ03A-12-VEL3DB301,2025-11-24,100.0
RS03AXBS-MJ03A-12-VEL3DB301,2025-12-01,100.0
RS03AXBS-MJ03A-12-VEL3DB301,2025-12-08,100.0
RS03AXBS-MJ03A-12-VEL3DB301,2025-12-15,100.0
RS03AXBS-MJ03A-12-VEL3DB301,2025-12-22,100.0
RS03AXBS-MJ03A-12-VEL3DB301,2025-12-29,100.0
RS03AXBS-MJ03A-12-VEL3DB301,2026-01-05,100.0
RS03AXBS-MJ03A-12-VEL3DB301,2026-01-12,100.0
RS03AXBS-MJ03A-12-VEL3DB301,2026-01-19,100.0
RS03AXBS-MJ03A-12-VEL3DB301,2026-01-26,100.0
RS03AXBS-MJ03A-12-VEL3DB301,2026-02-02,100.0
RS03AXBS-MJ03A-12-VEL3DB301,2026-02-09,100.0
RS03AXBS-MJ03A-12-VEL3DB301,2026-02-16,100.0
RS03AXBS-MJ03A-12-VEL3DB301,2026-02-23,100.0
RS03AXBS-MJ03A-12-VEL3DB301,2026-03-02,100.0
RS03AXBS-MJ03A-12-VEL3DB301,2026-03-09,100.0
RS03AXBS-MJ03A-12-VEL3DB301,2026-03-16,100.0
RS03AXBS-MJ03A-12-VEL3DB301,2026-03-23,100.0
RS03AXBS-MJ03A-12-VEL3DB301,2026-03-30,100.0
RS03AXBS-MJ03A-12-VEL3DB301,2026-04-06,100.0
RS03AXBS-MJ03A-12-VEL3DB301,2026-04-13,100.0
RS03AXBS-MJ03A-12-VEL3DB301,2026-04-20,99.7
RS03AXBS-MJ03A-12-VEL3DB301,2026-04-27,100.0
RS03AXBS-MJ03A-12-VEL3DB301,2026-05-04,100.0
RS03AXBS-MJ03A-12-VEL3DB301,2026-05-11,100.0
RS03AXBS-MJ03A-12-VEL3DB301,2026-05-18,100.0
RS03AXBS-MJ03A-12-VEL3DB301,2026-05-25,100.0
RS03AXBS-MJ03A-12-VEL3DB301,2026-06-01,100.0
RS03AXBS-MJ03A-12-VEL3DB301,2026-06-08,100.0
RS03AXBS-MJ03A-12-VEL3DB301,2026-06-15,100.0
RS03AXBS-MJ03A-12-VEL3DB301,2026-06-22,100.0
RS03AXPS-PC03A-05-ADCPTD302,2025-10-06,100.0
RS03AXPS-PC03A-05-ADCPTD302,2025-10-13,100.0
RS03AXPS-PC03A-05-ADCPTD302,2025-10-20,100.0
RS03AXPS-PC03A-05-ADCPTD302,2025-10-27,100.0
RS03AXPS-PC03A-05-ADCPTD302,2025-11-03,100.0
RS03AXPS-PC03A-05-ADCPTD302,2025-11-10,100.0
RS03AXPS-PC03A-05-ADCPTD302,2025-11-17,100.0
RS03AXPS-PC03A-05-ADCPTD302,2025-11-24,100.0
RS03AXPS-PC03A-05-ADCPTD302,2025-12-01,100.0
RS03AXPS-PC03A-05-ADCPTD302,2025-12-08,100.0
RS03AXPS-PC03A-05-ADCPTD302,2025-12-15,100.0
RS03AXPS-PC03A-05-ADCPTD302,2025-12-22,100.0
RS03AXPS-PC03A-05-ADCPTD302,2025-12-29,100.0
RS03AXPS-PC03A-05-ADCPTD302,2026-01-05,100.0
RS03AXPS-PC03A-05-ADCPTD302,2026-01-12,100.0
RS03AXPS-PC03A-05-ADCPTD302,2026-01-19,100.0
RS03AXPS-PC03A-05-ADCPTD302,2026-01-26,100.0
RS03AXPS-PC03A-05-ADCPTD302,2026-02-02,100.0
RS03AXPS-PC03A-05-ADCPTD302,2026-02-09,100.0
RS03AXPS-PC03A-05-ADCPTD302,2026-02-16,100.0
RS03AXPS-PC03A-05-ADCPTD302,2026-02-23,100.0
RS03AXPS-PC03A-05-ADCPTD302,2026-03-02,100.0
RS03AXPS-PC03A-05-ADCPTD302,2026-03-09,100.0
RS03AXPS-PC03A-05-ADCPTD302,2026-03-16,100.0
RS03AXPS-PC03A-05-ADCPTD302,2026-03-23,100.0
RS03AXPS-PC03A-05-ADCPTD302,2026-03-30,100.0
RS03AXPS-PC03A-05-ADCPTD302,2026-04-06,100.0
RS03AXPS-PC03A-05-ADCPTD302,2026-04-13,100.0
RS03AXPS-PC03A-05-ADCPTD302,2026-04-20,100.0
RS03AXPS-PC03A-05-ADCPTD302,2026-04-27,100.0
RS03AXPS-PC03A-05-ADCPTD302,2026-05-04,100.0
RS03AXPS-PC03A-05-ADCPTD302,2026-05-11,100.0
RS03AXPS-PC03A-05-ADCPTD302,2026-05-18,100.0
RS03AXPS-PC03A-05-ADCPTD302,2026-05-25,100.0
RS03AXPS-PC03A-05-ADCPTD302,2026-06-01,100.0
RS03AXPS-PC03A-05-ADCPTD302,2026-06-08,100.0
RS03AXPS-PC03A-05-ADCPTD302,2026-06-15,100.0
RS03AXPS-PC03A-05-ADCPTD302,2026-06-22,100.0
RS03AXPS-PC03A-4A-CTDPFA303,2025-10-06,100.0
RS03AXPS-PC03A-4A-CTDPFA303,2025-10-13,100.0
RS03AXPS-PC03A-4A-CTDPFA303,2025-10-20,100.0
RS03AXPS-PC03A-4A-CTDPFA303,2025-10-27,100.0
RS03AXPS-PC03A-4A-CTDPFA303,2025-11-03,100.0
RS03AXPS-PC03A-4A-CTDPFA303,2025-11-10,100.0
RS03AXPS-PC03A-4A-CTDPFA303,2025-11-17,100.0
RS03AXPS-PC03A-4A-CTDPFA303,2025-11-24,100.0
RS03AXPS-PC03A-4A-CTDPFA303,2025-12-01,100.0
RS03AXPS-PC03A-4A-CTDPFA303,2025-12-08,100.0
RS03AXPS-PC03A-4A-CTDPFA303,2025-12-15,100.0
RS03AXPS-PC03A-4A-CTDPFA303,2025-12-22,100.0
RS03AXPS-PC03A-4A-CTDPFA303,2025-12-29,100.0
RS03AXPS-PC03A-4A-CTDPFA303,2026-01-05,100.0
RS03AXPS-PC03A-4A-CTDPFA303,2026-01-12,100.0
RS03AXPS-PC03A-4A-CTDPFA303,2026-01-19,100.0
RS03AXPS-PC03A-4A-CTDPFA303,2026-01-26,100.0
RS03AXPS-PC03A-4A-CTDPFA303,2026-02-02,100.0
RS03AXPS-PC03A-4A-CTDPFA303,2026-02-09,100.0
RS03AXPS-PC03A-4A-CTDPFA303,2026-02-16,100.0
RS03AXPS-PC03A-4A-CTDPFA303,2026-02-23,100.0
RS03AXPS-PC03A-4A-CTDPFA303,2026-03-02,100.0
RS03AXPS-PC03A-4A-CTDPFA303,2026-03-09,100.0
RS03AXPS-PC03A-4A-CTDPFA303,2026-03-16,100.0
RS03AXPS-PC03A-4A-CTDPFA303,2026-03-23,100.0
RS03AXPS-PC03A-4A-CTDPFA303,2026-03-30,100.0
RS03AXPS-PC03A-4A-CTDPFA303,2026-04-06,100.0
RS03AXPS-PC03A-4A-CTDPFA303,2026-04-13,100.0
RS03AXPS-PC03A-4A-CTDPFA303,2026-04-20,100.0
RS03AXPS-PC03A-4A-CTDPFA303,2026-04-27,100.0
RS03AXPS-PC03A-4A-CTDPFA303,2026-05-04,100.0
RS03AXPS-PC03A-4A-CTDPFA303,2026-05-11,100.0
RS03AXPS-PC03A-4A-CTDPFA303,2026-05-18,100.0
RS03AXPS-PC03A-4A-CTDPFA303,2026-05-25,100.0
RS03AXPS-PC03A-4A-CTDPFA303,2026-06-01,100.0
RS03AXPS-PC03A-4A-CTDPFA303,2026-06-08,100.0
RS03AXPS-PC03A-4A-CTDPFA303,2026-06-15,100.0
RS03AXPS-PC03A-4A-CTDPFA303,2026-06-22,100.0
RS03AXPS-PC03A-4B-PHSENA302,2025-10-06,100.0
RS03AXPS-PC03A-4B-PHSENA302,2025-10-13,100.0
RS03AXPS-PC03A-4B-PHSENA302,2025-10-20,100.0
RS03AXPS-PC03A-4B-PHSENA302,2025-10-27,100.0
RS03AXPS-PC03A-4B-PHSENA302,2025-11-03,100.0
RS03AXPS-PC03A-4B-PHSENA302,2025-11-10,100.0
RS03AXPS-PC03A-4B-PHSENA302,2025-11-17,100.0
RS03AXPS-PC03A-4B-PHSENA302,2025-11-24,100.0
RS03AXPS-PC03A-4B-PHSENA302,2025-12-01,100.0
RS03AXPS-PC03A-4B-PHSENA302,2025-12-08,100.0
RS03AXPS-PC03A-4B-PHSENA302,2025-12-15,100.0
RS03AXPS-PC03A-4B-PHSENA302,2025-12-22,100.0
RS03AXPS-PC03A-4B-PHSENA302,2025-12-29,100.0
RS03AXPS-PC03A-4B-PHSENA302,2026-01-05,100.0
RS03AXPS-PC03A-4B-PHSENA302,2026-01-12,100.0
RS03AXPS-PC03A-4B-PHSENA302,2026-01-19,100.0
RS03AXPS-PC03A-4B-PHSENA302,2026-01-26,100.0
RS03AXPS-PC03A-4B-PHSENA302,2026-02-02,100.0
RS03AXPS-PC03A-4B-PHSENA302,2026-02-09,100.0
RS03AXPS-PC03A-4B-PHSENA302,2026-02-16,100.0
RS03AXPS-PC03A-4B-PHSENA302,2026-02-23,100.0
RS03AXPS-PC03A-4B-PHSENA302,2026-03-02,100.0
RS03AXPS-PC03A-4B-PHSENA302,2026-03-09,100.0
RS03AXPS-PC03A-4B-PHSENA302,2026-03-16,100.0
RS03AXPS-PC03A-4B-PHSENA302,2026-03-23,100.0
RS03AXPS-PC03A-4B-PHSENA302,2026-03-30,100.0
RS03AXPS-PC03A-4B-PHSENA302,2026-04-06,100.0
RS03AXPS-PC03A-4B-PHSENA302,2026-04-13,100.0
RS03AXPS-PC03A-4B-PHSENA302,2026-04-20,100.0
RS03AXPS-PC03A-4B-PHSENA302,2026-04-27,100.0
RS03AXPS-PC03A-4B-PHSENA302,2026-05-04,100.0
RS03AXPS-PC03A-4B-PHSENA302,2026-05-11,100.0
RS03AXPS-PC03A-4B-PHSENA302,2026-05-18,100.0
RS03AXPS-PC03A-4B-PHSENA302,2026-05-25,100.0
RS03AXPS-PC03A-4B-PHSENA302,2026-06-01,100.0
RS03AXPS-PC03A-4B-PHSENA302,2026-06-08,100.0
RS03AXPS-PC03A-4B-PHSENA302,2026-06-15,100.0
RS03AXPS-PC03A-4B-PHSENA302,2026-06-22,100.0
RS03AXPS-PC03A-4C-FLORDD303,2025-10-06,99.9
RS03AXPS-PC03A-4C-FLORDD303,2025-10-13,100.0
RS03AXPS-PC03A-4C-FLORDD303,2025-10-20,99.8
RS03AXPS-PC03A-4C-FLORDD303,2025-10-27,99.3
RS03AXPS-PC03A-4C-FLORDD303,2025-11-03,99.7
RS03AXPS-PC03A-4C-FLORDD303,2025-11-10,99.8
RS03AXPS-PC03A-4C-FLORDD303,2025-11-17,99.9
RS03AXPS-PC03A-4C-FLORDD303,2025-11-24,99.9
RS03AXPS-PC03A-4C-FLORDD303,2025-12-01,99.9
RS03AXPS-PC03A-4C-FLORDD303,2025-12-08,99.9
RS03AXPS-PC03A-4C-FLORDD303,2025-12-15,99.8
RS03AXPS-PC03A-4C-FLORDD303,2025-12-22,99.8
RS03AXPS-PC03A-4C-FLORDD303,2025-12-29,99.8
RS03AXPS-PC03A-4C-FLORDD303,2026-01-05,99.7
RS03AXPS-PC03A-4C-FLORDD303,2026-01-12,99.8
RS03AXPS-PC03A-4C-FLORDD303,2026-01-19,99.9
RS03AXPS-PC03A-4C-FLORDD303,2026-01-26,99.8
RS03AXPS-PC03A-4C-FLORDD303,2026-02-02,99.8
RS03AXPS-PC03A-4C-FLORDD303,2026-02-09,99.9
RS03AXPS-PC03A-4C-FLORDD303,2026-02-16,99.9
RS03AXPS-PC03A-4C-FLORDD303,2026-02-23,99.9
RS03AXPS-PC03A-4C-FLORDD303,2026-03-02,99.9
RS03AXPS-PC03A-4C-FLORDD303,2026-03-09,99.9
RS03AXPS-PC03A-4C-FLORDD303,2026-03-16,100.0
RS03AXPS-PC03A-4C-FLORDD303,2026-03-23,99.9
RS03AXPS-PC03A-4C-FLORDD303,2026-03-30,99.9
RS03AXPS-PC03A-4C-FLORDD303,2026-04-06,99.9
RS03AXPS-PC03A-4C-FLORDD303,2026-04-13,99.9
RS03AXPS-PC03A-4C-FLORDD303,2026-04-20,99.8
RS03AXPS-PC03A-4C-FLORDD303,2026-04-27,99.8
RS03AXPS-PC03A-4C-FLORDD303,2026-05-04,99.9
RS03AXPS-PC03A-4C-FLORDD303,2026-05-11,100.0
RS03AXPS-PC03A-4C-FLORDD303,2026-05-18,99.9
RS03AXPS-PC03A-4C-FLORDD303,2026-05-25,99.9
RS03AXPS-PC03A-4C-FLORDD303,2026-06-01,99.8
RS03AXPS-PC03A-4C-FLORDD303,2026-06-08,99.9
RS03AXPS-PC03A-4C-FLORDD303,2026-06-15,99.8
RS03AXPS-PC03A-4C-FLORDD303,2026-06-22,99.8
RS03AXPS-SF03A-2A-CTDPFA302,2025-10-06,100.0
RS03AXPS-SF03A-2A-CTDPFA302,2025-10-13,100.0
RS03AXPS-SF03A-2A-CTDPFA302,2025-10-20,100.0
RS03AXPS-SF03A-2A-CTDPFA302,2025-10-27,100.0
RS03AXPS-SF03A-2A-CTDPFA302,2025-11-03,100.0
RS03AXPS-SF03A-2A-CTDPFA302,2025-11-10,100.0
RS03AXPS-SF03A-2A-CTDPFA302,2025-11-17,100.0
RS03AXPS-SF03A-2A-CTDPFA302,2025-11-24,100.0
RS03AXPS-SF03A-2A-CTDPFA302,2025-12-01,100.0
RS03AXPS-SF03A-2A-CTDPFA302,2025-12-08,100.0
RS03AXPS-SF03A-2A-CTDPFA302,2025-12-15,100.0
RS03AXPS-SF03A-2A-CTDPFA302,2025-12-22,100.0
RS03AXPS-SF03A-2A-CTDPFA302,2025-12-29,100.0
RS03AXPS-SF03A-2A-CTDPFA302,2026-01-05,100.0
RS03AXPS-SF03A-2A-CTDPFA302,2026-01-12,100.0
RS03AXPS-SF03A-2A-CTDPFA302,2026-01-19,100.0
RS03AXPS-SF03A-2A-CTDPFA302,2026-01-26,100.0
RS03AXPS-SF03A-2A-CTDPFA302,2026-02-02,100.0
RS03AXPS-SF03A-2A-CTDPFA302,2026-02-09,100.0
RS03AXPS-SF03A-2A-CTDPFA302,2026-02-16,100.0
RS03AXPS-SF03A-2A-CTDPFA302,2026-02-23,100.0
RS03AXPS-SF03A-2A-CTDPFA302,2026-03-02,100.0
RS03AXPS-SF03A-2A-CTDPFA302,2026-03-09,100.0
RS03AXPS-SF03A-2A-CTDPFA302,2026-03-16,100.0
RS03AXPS-SF03A-2A-CTDPFA302,2026-03-23,100.0
RS03AXPS-SF03A-2A-CTDPFA302,2026-03-30,100.0
RS03AXPS-SF03A-2A-CTDPFA302,2026-04-06,100.0
RS03AXPS-SF03A-2A-CTDPFA302,2026-04-13,100.0
RS03AXPS-SF03A-2A-CTDPFA302,2026-04-20,100.0
RS03AXPS-SF03A-2A-CTDPFA302,2026-04-27,100.0
RS03AXPS-SF03A-2A-CTDPFA302,2026-05-04,100.0
RS03AXPS-SF03A-2A-CTDPFA302,2026-05-11,100.0
RS03AXPS-SF03A-2A-CTDPFA302,2026-05-18,100.0
RS03AXPS-SF03A-2A-CTDPFA302,2026-05-25,100.0
RS03AXPS-SF03A-2A-CTDPFA302,2026-06-01,100.0
RS03AXPS-SF03A-2A-CTDPFA302,2026-06-08,100.0
RS03AXPS-SF03A-2A-CTDPFA302,2026-06-15,100.0
RS03AXPS-SF03A-2A-CTDPFA302,2026-06-22,100.0
RS03AXPS-SF03A-2D-PHSENA301,2025-10-06,100.0
RS03AXPS-SF03A-2D-PHSENA301,2025-10-13,100.0
RS03AXPS-SF03A-2D-PHSENA301,2025-10-20,94.9
RS03AXPS-SF03A-2D-PHSENA301,2025-10-27,100.0
RS03AXPS-SF03A-2D-PHSENA301,2025-11-03,100.0
RS03AXPS-SF03A-2D-PHSENA301,2025-11-10,100.0
RS03AXPS-SF03A-2D-PHSENA301,2025-11-17,100.0
RS03AXPS-SF03A-2D-PHSENA301,2025-11-24,100.0
RS03AXPS-SF03A-2D-PHSENA301,2025-12-01,100.0
RS03AXPS-SF03A-2D-PHSENA301,2025-12-08,100.0
RS03AXPS-SF03A-2D-PHSENA301,2025-12-15,100.0
RS03AXPS-SF03A-2D-PHSENA301,2025-12-22,100.0
RS03AXPS-SF03A-2D-PHSENA301,2025-12-29,100.0
RS03AXPS-SF03A-2D-PHSENA301,2026-01-05,100.0
RS03AXPS-SF03A-2D-PHSENA301,2026-01-12,100.0
RS03AXPS-SF03A-2D-PHSENA301,2026-01-19,100.0
RS03AXPS-SF03A-2D-PHSENA301,2026-01-26,100.0
RS03AXPS-SF03A-2D-PHSENA301,2026-02-02,100.0
RS03AXPS-SF03A-2D-PHSENA301,2026-02-09,100.0
RS03AXPS-SF03A-2D-PHSENA301,2026-02-16,100.0
RS03AXPS-SF03A-2D-PHSENA301,2026-02-23,100.0
RS03AXPS-SF03A-2D-PHSENA301,2026-03-02,100.0
RS03AXPS-SF03A-2D-PHSENA301,2026-03-09,100.0
RS03AXPS-SF03A-2D-PHSENA301,2026-03-16,100.0
RS03AXPS-SF03A-2D-PHSENA301,2026-03-23,100.0
RS03AXPS-SF03A-2D-PHSENA301,2026-03-30,100.0
RS03AXPS-SF03A-2D-PHSENA301,2026-04-06,100.0
RS03AXPS-SF03A-2D-PHSENA301,2026-04-13,100.0
RS03AXPS-SF03A-2D-PHSENA301,2026-04-20,100.0
RS03AXPS-SF03A-2D-PHSENA301,2026-04-27,100.0
RS03AXPS-SF03A-2D-PHSENA301,2026-05-04,100.0
RS03AXPS-SF03A-2D-PHSENA301,2026-05-11,100.0
RS03AXPS-SF03A-2D-PHSENA301,2026-05-18,100.0
RS03AXPS-SF03A-2D-PHSENA301,2026-05-25,100.0
RS03AXPS-SF03A-2D-PHSENA301,2026-06-01,100.0
RS03AXPS-SF03A-2D-PHSENA301,2026-06-08,100.0
RS03AXPS-SF03A-2D-PHSENA301,2026-06-15,100.0
RS03AXPS-SF03A-2D-PHSENA301,2026-06-22,100.0
RS03AXPS-SF03A-3A-FLORTD301,2025-10-06,75.6
RS03AXPS-SF03A-3A-FLORTD301,2025-10-13,76.0
RS03AXPS-SF03A-3A-FLORTD301,2025-10-20,75.3
RS03AXPS-SF03A-3A-FLORTD301,2025-10-27,75.5
RS03AXPS-SF03A-3A-FLORTD301,2025-11-03,73.6
RS03AXPS-SF03A-3A-FLORTD301,2025-11-10,77.9
RS03AXPS-SF03A-3A-FLORTD301,2025-11-17,77.6
RS03AXPS-SF03A-3A-FLORTD301,2025-11-24,77.7
RS03AXPS-SF03A-3A-FLORTD301,2025-12-01,77.7
RS03AXPS-SF03A-3A-FLORTD301,2025-12-08,75.3
RS03AXPS-SF03A-3A-FLORTD301,2025-12-15,72.4
RS03AXPS-SF03A-3A-FLORTD301,2025-12-22,71.2
RS03AXPS-SF03A-3A-FLORTD301,2025-12-29,69.7
RS03AXPS-SF03A-3A-FLORTD301,2026-01-05,68.4
RS03AXPS-SF03A-3A-FLORTD301,2026-01-12,67.9
RS03AXPS-SF03A-3A-FLORTD301,2026-01-19,67.0
RS03AXPS-SF03A-3A-FLORTD301,2026-01-26,67.0
RS03AXPS-SF03A-3A-FLORTD301,2026-02-02,66.6
RS03AXPS-SF03A-3A-FLORTD301,2026-02-09,66.3
RS03AXPS-SF03A-3A-FLORTD301,2026-02-16,67.0
RS03AXPS-SF03A-3A-FLORTD301,2026-02-23,67.8
RS03AXPS-SF03A-3A-FLORTD301,2026-03-02,68.0
RS03AXPS-SF03A-3A-FLORTD301,2026-03-09,69.4
RS03AXPS-SF03A-3A-FLORTD301,2026-03-16,71.0
RS03AXPS-SF03A-3A-FLORTD301,2026-03-23,70.0
RS03AXPS-SF03A-3A-FLORTD301,2026-03-30,72.1
RS03AXPS-SF03A-3A-FLORTD301,2026-04-06,77.6
RS03AXPS-SF03A-3A-FLORTD301,2026-04-13,84.1
RS03AXPS-SF03A-3A-FLORTD301,2026-04-20,88.9
RS03AXPS-SF03A-3A-FLORTD301,2026-04-27,89.9
RS03AXPS-SF03A-3A-FLORTD301,2026-05-04,91.2
RS03AXPS-SF03A-3A-FLORTD301,2026-05-11,92.2
RS03AXPS-SF03A-3A-FLORTD301,2026-05-18,92.3
RS03AXPS-SF03A-3A-FLORTD301,2026-05-25,89.7
RS03AXPS-SF03A-3A-FLORTD301,2026-06-01,91.6
RS03AXPS-SF03A-3A-FLORTD301,2026-06-08,92.8
RS03AXPS-SF03A-3A-FLORTD301,2026-06-15,90.9
RS03AXPS-SF03A-3A-FLORTD301,2026-06-22,83.0
RS03AXPS-SF03A-3C-PARADA301,2025-10-06,0.0
RS03AXPS-SF03A-3C-PARADA301,2025-10-13,0.0
RS03AXPS-SF03A-3C-PARADA301,2025-10-20,0.0
RS03AXPS-SF03A-3C-PARADA301,2025-10-27,0.0
RS03AXPS-SF03A-3C-PARADA301,2025-11-03,0.0
RS03AXPS-SF03A-3C-PARADA301,2025-11-10,0.0
RS03AXPS-SF03A-3C-PARADA301,2025-11-17,0.0
RS03AXPS-SF03A-3C-PARADA301,2025-11-24,0.0
RS03AXPS-SF03A-3C-PARADA301,2025-12-01,0.0
RS03AXPS-SF03A-3C-PARADA301,2025-12-08,0.0
RS03AXPS-SF03A-3C-PARADA301,2025-12-15,0.0
RS03AXPS-SF03A-3C-PARADA301,2025-12-22,0.0
RS03AXPS-SF03A-3C-PARADA301,2025-12-29,0.0
RS03AXPS-SF03A-3C-PARADA301,2026-01-05,0.0
RS03AXPS-SF03A-3C-PARADA301,2026-01-12,0.0
RS03AXPS-SF03A-3C-PARADA301,2026-01-19,0.0
RS03AXPS-SF03A-3C-PARADA301,2026-01-26,0.0
RS03AXPS-SF03A-3C-PARADA301,2026-02-02,0.0
RS03AXPS-SF03A-3C-PARADA301,2026-02-09,0.0
RS03AXPS-SF03A-3C-PARADA301,2026-02-16,0.0
RS03AXPS-SF03A-3C-PARADA301,2026-02-23,0.0
RS03AXPS-SF03A-3C-PARADA301,2026-03-02,0.0
RS03AXPS-SF03A-3C-PARADA301,2026-03-09,0.0
RS03AXPS-SF03A-3C-PARADA301,2026-03-16,0.0
RS03AXPS-SF03A-3C-PARADA301,2026-03-23,0.0
RS03AXPS-SF03A-3C-PARADA301,2026-03-30,0.0
RS03AXPS-SF03A-3C-PARADA301,2026-04-06,0.0
RS03AXPS-SF03A-3C-PARADA301,2026-04-13,0.0
RS03AXPS-SF03A-3C-PARADA301,2026-04-20,0.0
RS03AXPS-SF03A-3C-PARADA301,2026-04-27,0.0
RS03AXPS-SF03A-3C-PARADA301,2026-05-04,0.0
RS03AXPS-SF03A-3C-PARADA301,2026-05-11,0.0
RS03AXPS-SF03A-3C-PARADA301,2026-05-18,0.0
RS03AXPS-SF03A-3C-PARADA301,2026-05-25,0.0
RS03AXPS-SF03A-3C-PARADA301,2026-06-01,0.0
RS03AXPS-SF03A-3C-PARADA301,2026-06-08,0.0
RS03AXPS-SF03A-3C-PARADA301,2026-06-15,0.0
RS03AXPS-SF03A-3C-PARADA301,2026-06-22,0.0
RS03AXPS-SF03A-4A-NUTNRA301,2025-10-06,94.1
RS03AXPS-SF03A-4A-NUTNRA301,2025-10-13,88.6
RS03AXPS-SF03A-4A-NUTNRA301,2025-10-20,90.9
RS03AXPS-SF03A-4A-NUTNRA301,2025-10-27,92.1
RS03AXPS-SF03A-4A-NUTNRA301,2025-11-03,97.9
RS03AXPS-SF03A-4A-NUTNRA301,2025-11-10,92.1
RS03AXPS-SF03A-4A-NUTNRA301,2025-11-17,93.4
RS03AXPS-SF03A-4A-NUTNRA301,2025-11-24,95.9
RS03AXPS-SF03A-4A-NUTNRA301,2025-12-01,97.7
RS03AXPS-SF03A-4A-NUTNRA301,2025-12-08,97.6
RS03AXPS-SF03A-4A-NUTNRA301,2025-12-15,98.6
RS03AXPS-SF03A-4A-NUTNRA301,2025-12-22,99.5
RS03AXPS-SF03A-4A-NUTNRA301,2025-12-29,99.8
RS03AXPS-SF03A-4A-NUTNRA301,2026-01-05,99.8
RS03AXPS-SF03A-4A-NUTNRA301,2026-01-12,99.9
RS03AXPS-SF03A-4A-NUTNRA301,2026-01-19,99.8
RS03AXPS-SF03A-4A-NUTNRA301,2026-01-26,99.9
RS03AXPS-SF03A-4A-NUTNRA301,2026-02-02,99.8
RS03AXPS-SF03A-4A-NUTNRA301,2026-02-09,100.0
RS03AXPS-SF03A-4A-NUTNRA301,2026-02-16,100.0
RS03AXPS-SF03A-4A-NUTNRA301,2026-02-23,100.0
RS03AXPS-SF03A-4A-NUTNRA301,2026-03-02,100.0
RS03AXPS-SF03A-4A-NUTNRA301,2026-03-09,100.0
RS03AXPS-SF03A-4A-NUTNRA301,2026-03-16,99.6
RS03AXPS-SF03A-4A-NUTNRA301,2026-03-23,99.5
RS03AXPS-SF03A-4A-NUTNRA301,2026-03-30,99.2
RS03AXPS-SF03A-4A-NUTNRA301,2026-04-06,98.4
RS03AXPS-SF03A-4A-NUTNRA301,2026-04-13,98.7
RS03AXPS-SF03A-4A-NUTNRA301,2026-04-20,99.1
RS03AXPS-SF03A-4A-NUTNRA301,2026-04-27,97.0
RS03AXPS-SF03A-4A-NUTNRA301,2026-05-04,97.9
RS03AXPS-SF03A-4A-NUTNRA301,2026-05-11,97.5
RS03AXPS-SF03A-4A-NUTNRA301,2026-05-18,98.2
RS03AXPS-SF03A-4A-NUTNRA301,2026-05-25,99.9
RS03AXPS-SF03A-4A-NUTNRA301,2026-06-01,100.0
RS03AXPS-SF03A-4A-NUTNRA301,2026-06-08,99.9
RS03AXPS-SF03A-4A-NUTNRA301,2026-06-15,98.9
RS03AXPS-SF03A-4A-NUTNRA301,2026-06-22,98.7
RS03AXPS-SF03A-4F-PCO2WA301,2025-10-06,99.0
RS03AXPS-SF03A-4F-PCO2WA301,2025-10-13,100.0
RS03AXPS-SF03A-4F-PCO2WA301,2025-10-20,100.0
RS03AXPS-SF03A-4F-PCO2WA301,2025-10-27,100.0
RS03AXPS-SF03A-4F-PCO2WA301,2025-11-03,97.2
RS03AXPS-SF03A-4F-PCO2WA301,2025-11-10,100.0
RS03AXPS-SF03A-4F-PCO2WA301,2025-11-17,100.0
RS03AXPS-SF03A-4F-PCO2WA301,2025-11-24,99.5
RS03AXPS-SF03A-4F-PCO2WA301,2025-12-01,98.7
RS03AXPS-SF03A-4F-PCO2WA301,2025-12-08,100.0
RS03AXPS-SF03A-4F-PCO2WA301,2025-12-15,100.0
RS03AXPS-SF03A-4F-PCO2WA301,2025-12-22,100.0
RS03AXPS-SF03A-4F-PCO2WA301,2025-12-29,100.0
RS03AXPS-SF03A-4F-PCO2WA301,2026-01-05,100.0
RS03AXPS-SF03A-4F-PCO2WA301,2026-01-12,100.0
RS03AXPS-SF03A-4F-PCO2WA301,2026-01-19,100.0
RS03AXPS-SF03A-4F-PCO2WA301,2026-01-26,100.0
RS03AXPS-SF03A-4F-PCO2WA301,2026-02-02,100.0
RS03AXPS-SF03A-4F-PCO2WA301,2026-02-09,100.0
RS03AXPS-SF03A-4F-PCO2WA301,2026-02-16,100.0
RS03AXPS-SF03A-4F-PCO2WA301,2026-02-23,100.0
RS03AXPS-SF03A-4F-PCO2WA301,2026-03-02,98.2
RS03AXPS-SF03A-4F-PCO2WA301,2026-03-09,100.0
RS03AXPS-SF03A-4F-PCO2WA301,2026-03-16,100.0
RS03AXPS-SF03A-4F-PCO2WA301,2026-03-23,100.0
RS03AXPS-SF03A-4F-PCO2WA301,2026-03-30,100.0
RS03AXPS-SF03A-4F-PCO2WA301,2026-04-06,95.2
RS03AXPS-SF03A-4F-PCO2WA301,2026-04-13,83.4
RS03AXPS-SF03A-4F-PCO2WA301,2026-04-20,61.3
RS03AXPS-SF03A-4F-PCO2WA301,2026-04-27,59.1
RS03AXPS-SF03A-4F-PCO2WA301,2026-05-04,64.2
RS03AXPS-SF03A-4F-PCO2WA301,2026-05-11,80.5
RS03AXPS-SF03A-4F-PCO2WA301,2026-05-18,100.0
RS03AXPS-SF03A-4F-PCO2WA301,2026-05-25,82.6
RS03AXPS-SF03A-4F-PCO2WA301,2026-06-01,83.9
RS03AXPS-SF03A-4F-PCO2WA301,2026-06-08,64.1
RS03AXPS-SF03A-4F-PCO2WA301,2026-06-15,61.6
RS03AXPS-SF03A-4F-PCO2WA301,2026-06-22,77.0
RS03CCAL-MJ03F-12-CTDPFB305,2025-10-06,100.0
RS03CCAL-MJ03F-12-CTDPFB305,2025-10-13,100.0
RS03CCAL-MJ03F-12-CTDPFB305,2025-10-20,100.0
RS03CCAL-MJ03F-12-CTDPFB305,2025-10-27,100.0
RS03CCAL-MJ03F-12-CTDPFB305,2025-11-03,100.0
RS03CCAL-MJ03F-12-CTDPFB305,2025-11-10,100.0
RS03CCAL-MJ03F-12-CTDPFB305,2025-11-17,100.0
RS03CCAL-MJ03F-12-CTDPFB305,2025-11-24,100.0
RS03CCAL-MJ03F-12-CTDPFB305,2025-12-01,100.0
RS03CCAL-MJ03F-12-CTDPFB305,2025-12-08,100.0
RS03CCAL-MJ03F-12-CTDPFB305,2025-12-15,100.0
RS03CCAL-MJ03F-12-CTDPFB305,2025-12-22,100.0
RS03CCAL-MJ03F-12-CTDPFB305,2025-12-29,100.0
RS03CCAL-MJ03F-12-CTDPFB305,2026-01-05,100.0
RS03CCAL-MJ03F-12-CTDPFB305,2026-01-12,100.0
RS03CCAL-MJ03F-12-CTDPFB305,2026-01-19,100.0
RS03CCAL-MJ03F-12-CTDPFB305,2026-01-26,100.0
RS03CCAL-MJ03F-12-CTDPFB305,2026-02-02,100.0
RS03CCAL-MJ03F-12-CTDPFB305,2026-02-09,100.0
RS03CCAL-MJ03F-12-CTDPFB305,2026-02-16,100.0
RS03CCAL-MJ03F-12-CTDPFB305,2026-02-23,100.0
RS03CCAL-MJ03F-12-CTDPFB305,2026-03-02,100.0
RS03CCAL-MJ03F-12-CTDPFB305,2026-03-09,100.0
RS03CCAL-MJ03F-12-CTDPFB305,2026-03-16,100.0
RS03CCAL-MJ03F-12-CTDPFB305,2026-03-23,100.0
RS03CCAL-MJ03F-12-CTDPFB305,2026-03-30,100.0
RS03CCAL-MJ03F-12-CTDPFB305,2026-04-06,100.0
RS03CCAL-MJ03F-12-CTDPFB305,2026-04-13,100.0
RS03CCAL-MJ03F-12-CTDPFB305,2026-04-20,100.0
RS03CCAL-MJ03F-12-CTDPFB305,2026-04-27,100.0
RS03CCAL-MJ03F-12-CTDPFB305,2026-05-04,100.0
RS03CCAL-MJ03F-12-CTDPFB305,2026-05-11,100.0
RS03CCAL-MJ03F-12-CTDPFB305,2026-05-18,100.0
RS03CCAL-MJ03F-12-CTDPFB305,2026-05-25,100.0
RS03CCAL-MJ03F-12-CTDPFB305,2026-06-01,100.0
RS03CCAL-MJ03F-12-CTDPFB305,2026-06-08,100.0
RS03CCAL-MJ03F-12-CTDPFB305,2026-06-15,100.0
RS03CCAL-MJ03F-12-CTDPFB305,2026-06-22,100.0
RS03ECAL-MJ03E-12-CTDPFB306,2025-10-06,100.0
RS03ECAL-MJ03E-12-CTDPFB306,2025-10-13,100.0
RS03ECAL-MJ03E-12-CTDPFB306,2025-10-20,100.0
RS03ECAL-MJ03E-12-CTDPFB306,2025-10-27,100.0
RS03ECAL-MJ03E-12-CTDPFB306,2025-11-03,100.0
RS03ECAL-MJ03E-12-CTDPFB306,2025-11-10,100.0
RS03ECAL-MJ03E-12-CTDPFB306,2025-11-17,100.0
RS03ECAL-MJ03E-12-CTDPFB306,2025-11-24,100.0
RS03ECAL-MJ03E-12-CTDPFB306,2025-12-01,100.0
RS03ECAL-MJ03E-12-CTDPFB306,2025-12-08,100.0
RS03ECAL-MJ03E-12-CTDPFB306,2025-12-15,100.0
RS03ECAL-MJ03E-12-CTDPFB306,2025-12-22,100.0
RS03ECAL-MJ03E-12-CTDPFB306,2025-12-29,100.0
RS03ECAL-MJ03E-12-CTDPFB306,2026-01-05,100.0
RS03ECAL-MJ03E-12-CTDPFB306,2026-01-12,100.0
RS03ECAL-MJ03E-12-CTDPFB306,2026-01-19,100.0
RS03ECAL-MJ03E-12-CTDPFB306,2026-01-26,100.0
RS03ECAL-MJ03E-12-CTDPFB306,2026-02-02,100.0
RS03ECAL-MJ03E-12-CTDPFB306,2026-02-09,100.0
RS03ECAL-MJ03E-12-CTDPFB306,2026-02-16,100.0
RS03ECAL-MJ03E-12-CTDPFB306,2026-02-23,100.0
RS03ECAL-MJ03E-12-CTDPFB306,2026-03-02,100.0
RS03ECAL-MJ03E-12-CTDPFB306,2026-03-09,100.0
RS03ECAL-MJ03E-12-CTDPFB306,2026-03-16,100.0
RS03ECAL-MJ03E-12-CTDPFB306,2026-03-23,100.0
RS03ECAL-MJ03E-12-CTDPFB306,2026-03-30,100.0
RS03ECAL-MJ03E-12-CTDPFB306,2026-04-06,100.0
RS03ECAL-MJ03E-12-CTDPFB306,2026-04-13,100.0
RS03ECAL-MJ03E-12-CTDPFB306,2026-04-20,100.0
RS03ECAL-MJ03E-12-CTDPFB306,2026-04-27,100.0
RS03ECAL-MJ03E-12-CTDPFB306,2026-05-04,100.0
RS03ECAL-MJ03E-12-CTDPFB306,2026-05-11,100.0
RS03ECAL-MJ03E-12-CTDPFB306,2026-05-18,100.0
RS03ECAL-MJ03E-12-CTDPFB306,2026-05-25,100.0
RS03ECAL-MJ03E-12-CTDPFB306,2026-06-01,100.0
RS03ECAL-MJ03E-12-CTDPFB306,2026-06-08,100.0
RS03ECAL-MJ03E-12-CTDPFB306,2026-06-15,100.0
RS03ECAL-MJ03E-12-CTDPFB306,2026-06-22,100.0
RS03INT1-MJ03C-07-D1000A301,2025-10-06,100.0
RS03INT1-MJ03C-07-D1000A301,2025-10-13,100.0
RS03INT1-MJ03C-07-D1000A301,2025-10-20,100.0
RS03INT1-MJ03C-07-D1000A301,2025-10-27,100.0
RS03INT1-MJ03C-07-D1000A301,2025-11-03,100.0
RS03INT1-MJ03C-07-D1000A301,2025-11-10,100.0
RS03INT1-MJ03C-07-D1000A301,2025-11-17,100.0
RS03INT1-MJ03C-07-D1000A301,2025-11-24,100.0
RS03INT1-MJ03C-07-D1000A301,2025-12-01,100.0
RS03INT1-MJ03C-07-D1000A301,2025-12-08,100.0
RS03INT1-MJ03C-07-D1000A301,2025-12-15,100.0
RS03INT1-MJ03C-07-D1000A301,2025-12-22,100.0
RS03INT1-MJ03C-07-D1000A301,2025-12-29,100.0
RS03INT1-MJ03C-07-D1000A301,2026-01-05,100.0
RS03INT1-MJ03C-07-D1000A301,2026-01-12,100.0
RS03INT1-MJ03C-07-D1000A301,2026-01-19,100.0
RS03INT1-MJ03C-07-D1000A301,2026-01-26,100.0
RS03INT1-MJ03C-07-D1000A301,2026-02-02,100.0
RS03INT1-MJ03C-07-D1000A301,2026-02-09,100.0
RS03INT1-MJ03C-07-D1000A301,2026-02-16,100.0
RS03INT1-MJ03C-07-D1000A301,2026-02-23,100.0
RS03INT1-MJ03C-07-D1000A301,2026-03-02,100.0
RS03INT1-MJ03C-07-D1000A301,2026-03-09,100.0
RS03INT1-MJ03C-07-D1000A301,2026-03-16,100.0
RS03INT1-MJ03C-07-D1000A301,2026-03-23,100.0
RS03INT1-MJ03C-07-D1000A301,2026-03-30,100.0
RS03INT1-MJ03C-07-D1000A301,2026-04-06,100.0
RS03INT1-MJ03C-07-D1000A301,2026-04-13,100.0
RS03INT1-MJ03C-07-D1000A301,2026-04-20,100.0
RS03INT1-MJ03C-07-D1000A301,2026-04-27,100.0
RS03INT1-MJ03C-07-D1000A301,2026-05-04,100.0
RS03INT1-MJ03C-07-D1000A301,2026-05-11,100.0
RS03INT1-MJ03C-07-D1000A301,2026-05-18,100.0
RS03INT1-MJ03C-07-D1000A301,2026-05-25,100.0
RS03INT1-MJ03C-07-D1000A301,2026-06-01,100.0
RS03INT1-MJ03C-07-D1000A301,2026-06-08,100.0
RS03INT1-MJ03C-07-D1000A301,2026-06-15,100.0
RS03INT1-MJ03C-07-D1000A301,2026-06-22,100.0
RS03INT1-MJ03C-10-TRHPHA301,2025-10-06,100.0
RS03INT1-MJ03C-10-TRHPHA301,2025-10-13,100.0
RS03INT1-MJ03C-10-TRHPHA301,2025-10-20,100.0
RS03INT1-MJ03C-10-TRHPHA301,2025-10-27,100.0
RS03INT1-MJ03C-10-TRHPHA301,2025-11-03,100.0
RS03INT1-MJ03C-10-TRHPHA301,2025-11-10,100.0
RS03INT1-MJ03C-10-TRHPHA301,2025-11-17,100.0
RS03INT1-MJ03C-10-TRHPHA301,2025-11-24,100.0
RS03INT1-MJ03C-10-TRHPHA301,2025-12-01,100.0
RS03INT1-MJ03C-10-TRHPHA301,2025-12-08,100.0
RS03INT1-MJ03C-10-TRHPHA301,2025-12-15,100.0
RS03INT1-MJ03C-10-TRHPHA301,2025-12-22,100.0
RS03INT1-MJ03C-10-TRHPHA301,2025-12-29,100.0
RS03INT1-MJ03C-10-TRHPHA301,2026-01-05,100.0
RS03INT1-MJ03C-10-TRHPHA301,2026-01-12,100.0
RS03INT1-MJ03C-10-TRHPHA301,2026-01-19,100.0
RS03INT1-MJ03C-10-TRHPHA301,2026-01-26,100.0
RS03INT1-MJ03C-10-TRHPHA301,2026-02-02,100.0
RS03INT1-MJ03C-10-TRHPHA301,2026-02-09,100.0
RS03INT1-MJ03C-10-TRHPHA301,2026-02-16,100.0
RS03INT1-MJ03C-10-TRHPHA301,2026-02-23,100.0
RS03INT1-MJ03C-10-TRHPHA301,2026-03-02,100.0
RS03INT1-MJ03C-10-TRHPHA301,2026-03-09,100.0
RS03INT1-MJ03C-10-TRHPHA301,2026-03-16,100.0
RS03INT1-MJ03C-10-TRHPHA301,2026-03-23,100.0
RS03INT1-MJ03C-10-TRHPHA301,2026-03-30,96.7
RS03INT1-MJ03C-10-TRHPHA301,2026-04-06,95.0
RS03INT1-MJ03C-10-TRHPHA301,2026-04-13,96.1
RS03INT1-MJ03C-10-TRHPHA301,2026-04-20,97.5
RS03INT1-MJ03C-10-TRHPHA301,2026-04-27,100.0
RS03INT1-MJ03C-10-TRHPHA301,2026-05-04,100.0
RS03INT1-MJ03C-10-TRHPHA301,2026-05-11,100.0
RS03INT1-MJ03C-10-TRHPHA301,2026-05-18,100.0
RS03INT1-MJ03C-10-TRHPHA301,2026-05-25,100.0
RS03INT1-MJ03C-10-TRHPHA301,2026-06-01,100.0
RS03INT1-MJ03C-10-TRHPHA301,2026-06-08,100.0
RS03INT1-MJ03C-10-TRHPHA301,2026-06-15,100.0
RS03INT1-MJ03C-10-TRHPHA301,2026-06-22,100.0
RS03INT2-MJ03D-11-CTDPFB307,2025-10-06,100.0
RS03INT2-MJ03D-11-CTDPFB307,2025-10-13,100.0
RS03INT2-MJ03D-11-CTDPFB307,2025-10-20,100.0
RS03INT2-MJ03D-11-CTDPFB307,2025-10-27,100.0
RS03INT2-MJ03D-11-CTDPFB307,2025-11-03,100.0
RS03INT2-MJ03D-11-CTDPFB307,2025-11-10,100.0
RS03INT2-MJ03D-11-CTDPFB307,2026-01-12,100.0
RS03INT2-MJ03D-11-CTDPFB307,2026-01-19,100.0
RS03INT2-MJ03D-11-CTDPFB307,2026-01-26,100.0
RS03INT2-MJ03D-11-CTDPFB307,2026-02-02,100.0
RS03INT2-MJ03D-11-CTDPFB307,2026-02-09,100.0
RS03INT2-MJ03D-11-CTDPFB307,2026-02-16,100.0
RS03INT2-MJ03D-11-CTDPFB307,2026-02-23,100.0
RS03INT2-MJ03D-11-CTDPFB307,2026-03-02,100.0
RS03INT2-MJ03D-11-CTDPFB307,2026-03-09,100.0
RS03INT2-MJ03D-11-CTDPFB307,2026-03-16,100.0
RS03INT2-MJ03D-11-CTDPFB307,2026-03-23,100.0
RS03INT2-MJ03D-11-CTDPFB307,2026-03-30,100.0
RS03INT2-MJ03D-11-CTDPFB307,2026-04-06,100.0
RS03INT2-MJ03D-11-CTDPFB307,2026-04-13,100.0
RS03INT2-MJ03D-11-CTDPFB307,2026-04-20,100.0
RS03INT2-MJ03D-11-CTDPFB307,2026-04-27,100.0
RS03INT2-MJ03D-11-CTDPFB307,2026-05-04,100.0
RS03INT2-MJ03D-11-CTDPFB307,2026-05-11,100.0
RS03INT2-MJ03D-11-CTDPFB307,2026-05-18,100.0
RS03INT2-MJ03D-11-CTDPFB307,2026-05-25,100.0
RS03INT2-MJ03D-11-CTDPFB307,2026-06-01,100.0
RS03INT2-MJ03D-11-CTDPFB307,2026-06-08,100.0
RS03INT2-MJ03D-11-CTDPFB307,2026-06-15,100.0
RS03INT2-MJ03D-11-CTDPFB307,2026-06-22,100.0
RS03INT2-MJ03D-12-VEL3DB304,2025-10-06,100.0
RS03INT2-MJ03D-12-VEL3DB304,2025-10-13,100.0
RS03INT2-MJ03D-12-VEL3DB304,2025-10-20,100.0
RS03INT2-MJ03D-12-VEL3DB304,2025-10-27,100.0
RS03INT2-MJ03D-12-VEL3DB304,2025-11-03,100.0
RS03INT2-MJ03D-12-VEL3DB304,2025-11-10,100.0
RS03INT2-MJ03D-12-VEL3DB304,2025-11-17,100.0
RS03INT2-MJ03D-12-VEL3DB304,2025-11-24,100.0
RS03INT2-MJ03D-12-VEL3DB304,2025-12-01,100.0
RS03INT2-MJ03D-12-VEL3DB304,2025-12-08,100.0
RS03INT2-MJ03D-12-VEL3DB304,2025-12-15,100.0
RS03INT2-MJ03D-12-VEL3DB304,2025-12-22,100.0
RS03INT2-MJ03D-12-VEL3DB304,2025-12-29,100.0
RS03INT2-MJ03D-12-VEL3DB304,2026-01-05,100.0
RS03INT2-MJ03D-12-VEL3DB304,2026-01-12,100.0
RS03INT2-MJ03D-12-VEL3DB304,2026-01-19,100.0
RS03INT2-MJ03D-12-VEL3DB304,2026-01-26,100.0
RS03INT2-MJ03D-12-VEL3DB304,2026-02-02,100.0
RS03INT2-MJ03D-12-VEL3DB304,2026-02-09,100.0
RS03INT2-MJ03D-12-VEL3DB304,2026-02-16,100.0
RS03INT2-MJ03D-12-VEL3DB304,2026-02-23,100.0
RS03INT2-MJ03D-12-VEL3DB304,2026-03-02,100.0
RS03INT2-MJ03D-12-VEL3DB304,2026-03-09,100.0
RS03INT2-MJ03D-12-VEL3DB304,2026-03-16,100.0
RS03INT2-MJ03D-12-VEL3DB304,2026-03-23,100.0
RS03INT2-MJ03D-12-VEL3DB304,2026-03-30,100.0
RS03INT2-MJ03D-12-VEL3DB304,2026-04-06,100.0
RS03INT2-MJ03D-12-VEL3DB304,2026-04-13,100.0
RS03INT2-MJ03D-12-VEL3DB304,2026-04-20,100.0
RS03INT2-MJ03D-12-VEL3DB304,2026-04-27,100.0
RS03INT2-MJ03D-12-VEL3DB304,2026-05-04,100.0
RS03INT2-MJ03D-12-VEL3DB304,2026-05-11,100.0
RS03INT2-MJ03D-12-VEL3DB304,2026-05-18,100.0
RS03INT2-MJ03D-12-VEL3DB304,2026-05-25,100.0
RS03INT2-MJ03D-12-VEL3DB304,2026-06-01,100.0
RS03INT2-MJ03D-12-VEL3DB304,2026-06-08,100.0
RS03INT2-MJ03D-12-VEL3DB304,2026-06-15,100.0
RS03INT2-MJ03D-12-VEL3DB304,2026-06-22,100.0
